user_id,house_size,num_humans,num_rooms,num_bathrooms,water_bill,electricity_bill,month
1,150,2,3,4,65.11228949,202.86,1
2,156,3,4,4,74.41404513,202.86,1
3,160,3,4,5,69.76316731,278.9325,1
4,163,3,5,5,93.01755642,228.2175,1
5,168,3,4,5,74.41404513,319.5045,1
6,179,4,6,4,111.6210677,355.005,1
7,184,4,4,5,102.3193121,329.6475,1
8,188,3,4,3,93.01755642,309.3615,1
9,193,4,4,3,111.6210677,405.72,1
10,199,3,4,4,83.71580077,339.7905,1
11,200,6,4,7,837.1580077,1014.3,1
12,200,4,4,4,55.81053385,456.435,1
13,205,4,5,4,93.01755642,405.72,1
14,212,5,5,3,102.3193121,446.292,1
15,220,4,5,3,81.85544965,436.149,1
16,221,3,4,3,70.69334288,344.862,1
17,229,4,5,3,82.78562521,379.85535,1
18,238,5,5,5,102.3193121,451.3635,1
19,241,5,5,4,108.830541,446.292,1
20,246,4,4,4,95.80808311,410.7915,1
21,249,3,5,4,91.15720529,385.434,1
22,250,5,3,2,372.0702257,760.725,1
23,250,5,4,5,167.4316015,456.435,1
24,250,2,3,2,111.6210677,380.3625,1
25,250,4,6,4,120.9228233,405.72,1
26,252,5,4,4,132.0849301,415.863,1
27,253,5,6,3,137.6659835,451.3635,1
28,255,4,5,5,102.3193121,425.49885,1
29,258,3,5,4,95.80808311,395.577,1
30,261,4,6,5,105.1098388,445.78485,1
31,265,5,3,3,185.1049373,496.49985,1
32,269,3,4,4,101.3891365,395.577,1
33,270,4,6,4,111.6210677,426.006,1
34,273,5,4,4,148.8280903,466.578,1
35,278,4,5,4,119.9926478,451.3635,1
36,282,5,5,4,159.990197,481.7925,1
37,289,4,4,3,119.9926478,441.2205,1
38,295,5,6,4,102.3193121,476.721,1
39,305,4,5,4,94.87790754,415.863,1
40,308,5,6,4,130.224579,456.435,1
41,310,5,5,3,175.8031816,476.721,1
42,314,6,5,4,297.6561805,507.15,1
43,319,5,5,3,118.1322966,456.435,1
44,321,6,5,4,279.0526692,557.865,1
45,328,4,6,3,93.01755642,405.72,1
46,332,6,7,5,260.449158,507.15,1
47,339,5,4,4,111.6210677,476.721,1
48,345,7,6,5,372.0702257,608.58,1
49,349,5,6,5,251.1474023,486.864,1
50,350,7,3,6,465.0877821,710.01,1
51,354,3,4,4,139.5263346,405.72,1
52,355,5,5,4,204.6386241,557.865,1
53,359,6,5,4,260.449158,628.866,1
54,367,4,6,4,279.0526692,532.5075,1
55,370,5,7,6,167.4316015,608.58,1
56,370,4,6,7,120.9228233,608.58,1
57,370,5,7,5,288.3544249,557.865,1
58,375,7,7,10,372.0702257,963.585,1
59,375,7,6,6,372.0702257,862.155,1
60,375,4,5,3,465.0877821,659.295,1
61,375,3,5,5,465.0877821,608.58,1
62,375,6,7,5,325.5614475,659.295,1
63,380,5,8,6,279.0526692,583.2225,1
64,386,5,7,6,282.7733715,608.58,1
65,389,4,7,6,232.543891,557.865,1
66,392,7,7,5,465.0877821,811.44,1
67,399,6,8,6,390.6737369,710.01,1
68,400,7,11,8,279.0526692,862.155,1
69,400,7,6,6,465.0877821,811.44,1
70,400,7,6,6,465.0877821,862.155,1
71,400,5,8,7,334.8632031,659.295,1
72,410,4,10,8,139.5263346,659.295,1
73,410,7,9,6,451.1351486,811.44,1
74,420,5,8,5,325.5614475,710.01,1
75,430,5,8,6,381.3719813,760.725,1
76,440,7,9,6,558.1053385,862.155,1
77,446,7,7,6,511.5965603,887.5125,1
78,449,6,6,5,325.5614475,786.0825,1
79,450,4,7,6,158.1298459,659.295,1
80,456,7,6,4,381.3719813,927.57735,1
81,460,6,8,6,325.5614475,710.01,1
82,467,7,8,6,334.8632031,882.441,1
83,470,5,7,5,279.0526692,684.6525,1
84,476,7,8,5,381.3719813,963.585,1
85,480,6,8,7,325.5614475,710.01,1
86,483,8,6,5,516.2474381,991.47825,1
87,489,6,8,5,318.1200429,659.295,1
88,492,7,7,5,389.7435614,883.96245,1
89,498,9,8,7,484.6214689,1065.015,1
90,500,10,9,8,651.1228949,1521.45,1
91,500,8,8,10,744.1404513,1115.73,1
92,500,5,10,7,186.0351128,811.44,1
93,503,5,8,6,279.0526692,760.725,1
94,505,7,9,5,353.4667144,912.87,1
95,507,7,9,7,399.045317,958.5135,1
96,512,8,8,6,372.0702257,938.2275,1
97,518,6,8,6,325.5614475,730.296,1
98,523,8,9,8,372.0702257,1014.3,1
99,532,6,8,7,269.7509136,811.44,1
100,538,5,9,8,251.1474023,836.7975,1
101,540,6,12,7,558.1053385,912.87,1
102,541,8,7,6,372.0702257,942.2847,1
103,544,6,14,11,279.0526692,963.585,1
104,548,6,9,8,297.6561805,817.01865,1
105,559,7,6,8,353.4667144,902.727,1
106,564,6,8,7,346.9554854,779.9967,1
107,570,8,7,8,390.6737369,887.5125,1
108,577,9,9,7,502.2948046,1107.6156,1
109,582,6,8,8,271.6112647,882.441,1
110,588,4,9,7,195.3368685,720.153,1
111,594,7,10,8,353.4667144,978.7995,1
112,600,7,10,7,325.5614475,1065.015,1
113,600,7,6,9,697.6316731,862.155,1
114,600,5,5,7,446.4842708,1775.025,1
115,600,5,6,8,232.543891,912.87,1
116,602,3,7,9,167.4316015,608.58,1
117,609,6,8,8,316.2596918,923.013,1
118,612,6,9,7,329.2821497,912.36285,1
119,619,8,7,8,345.0951343,973.728,1
120,624,5,10,7,278.1224937,852.012,1
121,628,9,8,8,475.3197133,1065.015,1
122,633,7,7,9,363.6986456,918.44865,1
123,640,4,8,9,266.9603869,721.1673,1
124,645,9,8,8,538.5716516,1166.445,1
125,650,7,6,5,325.5614475,1100.5155,1
126,650,4,14,12,167.4316015,912.87,1
127,650,10,9,8,534.8509494,1201.9455,1
128,655,10,8,9,547.8734073,1161.88065,1
129,660,8,9,8,372.0702257,1009.73565,1
130,666,6,10,8,354.3968899,862.155,1
131,670,5,8,11,790.6492295,1014.3,1
132,670,4,7,8,355.3270655,786.0825,1
133,677,9,9,7,466.9481332,1177.09515,1
134,680,3,10,8,223.2421354,578.151,1
135,684,8,11,6,453.9256753,1020.3858,1
136,690,5,7,7,293.9354783,822.5973,1
137,700,5,9,5,511.5965603,1014.3,1
138,700,10,8,9,623.217628,1217.16,1
139,709,3,8,9,279.0526692,557.865,1
140,712,8,9,9,455.7860264,1029.5145,1
141,720,5,8,8,327.4217986,862.155,1
142,723,9,9,9,429.7411106,1199.9169,1
143,730,8,10,9,406.4867215,1029.00735,1
144,737,9,11,9,469.7386599,1208.0313,1
145,742,10,10,9,493.9232246,1273.45365,1
146,749,11,8,8,542.2923539,1370.3193,1
147,750,7,6,6,465.0877821,1090.3725,1
148,750,6,9,6,279.0526692,608.58,1
149,756,7,9,9,374.8607524,1008.72135,1
150,760,4,8,9,317.1898674,771.37515,1
151,769,4,10,9,363.6986456,816.5115,1
152,774,6,9,11,366.4891723,923.52015,1
153,779,8,10,11,474.3895377,1071.1008,1
154,780,4,8,7,372.0702257,963.585,1
155,783,3,11,11,167.4316015,411.8058,1
156,789,10,9,11,634.3797348,1217.16,1
157,791,11,10,10,669.7264062,1429.65585,1
158,799,6,8,11,279.9828448,957.4992,1
159,800,7,13,12,465.0877821,1115.73,1
160,808,8,10,11,360.9081189,1019.3715,1
161,814,3,9,11,93.94773198,468.09945,1
162,818,9,9,9,548.8035829,1228.3173,1
163,821,6,7,9,381.3719813,1080.2295,1
164,826,5,8,9,366.4891723,918.9558,1
165,831,9,9,11,576.7088498,1384.5195,1
166,842,11,10,10,725.53694,1612.737,1
167,850,7,8,9,511.5965603,1172.5308,1
168,855,8,9,10,558.1053385,1166.445,1
169,860,4,8,10,381.3719813,775.9395,1
170,865,8,7,10,496.7137513,1354.59765,1
171,871,9,9,9,495.7835757,1444.3632,1
172,874,6,15,9,441.833393,1066.0293,1
173,880,8,9,10,532.9905983,1441.82745,1
174,888,5,17,8,324.6312719,925.0416,1
175,894,7,9,8,458.5765531,1182.16665,1
176,900,9,6,10,651.1228949,1775.025,1
177,900,4,14,6,418.5790039,1521.45,1
178,900,9,9,11,500.4344535,1389.591,1
179,907,8,9,11,446.4842708,1318.59,1
180,913,6,10,11,362.76847,1065.015,1
181,920,11,11,11,558.1053385,1545.7932,1
182,928,5,9,12,364.6288212,1005.1713,1
183,937,7,10,12,474.3895377,1115.73,1
184,939,9,8,12,483.6912934,1384.01235,1
185,946,4,12,9,279.0526692,948.3705,1
186,950,10,11,10,575.7786742,1494.0639,1
187,955,9,8,9,547.8734073,1404.29835,1
188,963,8,15,10,537.6414761,1333.8045,1
189,970,12,16,10,672.5169329,1578.2508,1
190,978,6,9,12,427.8807595,1029.5145,1
191,983,5,11,12,316.2596918,948.3705,1
192,990,8,9,11,441.833393,1181.6595,1
193,1000,6,8,8,530.2000716,1318.59,1
194,1000,9,10,11,454.8558509,1252.6605,1
195,1024,13,20,9,753.442207,1977.885,1
196,1036,8,12,8,439.0428663,1242.5175,1
197,1045,5,13,10,334.8632031,1014.3,1
198,1058,14,18,11,746.930978,2028.6,1
199,1068,16,15,8,809.2527408,2119.887,1
200,1076,8,14,10,439.0428663,1343.44035,1
201,1088,6,9,10,383.2323324,1136.016,1
202,1092,6,15,12,604.6141167,1318.59,1
203,1097,4,9,12,352.5365388,912.87,1
204,1100,15,14,12,734.8386957,2063.59335,1
205,1200,7,6,13,651.1228949,1521.45,1
1,150,2,3,4,65.6373886,243.432,2
2,156,3,4,4,75.0141584,243.432,2
3,160,3,4,5,70.3257735,334.719,2
4,163,3,5,5,93.767698,273.861,2
5,168,3,4,5,75.0141584,383.4054,2
6,179,4,6,4,112.5212376,426.006,2
7,184,4,4,5,103.1444678,395.577,2
8,188,3,4,3,93.767698,371.2338,2
9,193,4,4,3,112.5212376,486.864,2
10,199,3,4,4,84.3909282,407.7486,2
11,200,6,4,7,843.909282,1217.16,2
12,200,4,4,4,56.2606188,547.722,2
13,205,4,5,4,93.767698,486.864,2
14,212,5,5,3,103.1444678,535.5504,2
15,220,4,5,3,82.51557424,523.3788,2
16,221,3,4,3,71.26345048,413.8344,2
17,229,4,5,3,83.45325122,455.82642,2
18,238,5,5,5,103.1444678,541.6362,2
19,241,5,5,4,109.7082067,535.5504,2
20,246,4,4,4,96.58072894,492.9498,2
21,249,3,5,4,91.89234404,462.5208,2
22,250,5,3,2,375.070792,912.87,2
23,250,5,4,5,168.7818564,547.722,2
24,250,2,3,2,112.5212376,456.435,2
25,250,4,6,4,121.8980074,486.864,2
26,252,5,4,4,133.1501312,499.0356,2
27,253,5,6,3,138.776193,541.6362,2
28,255,4,5,5,103.1444678,510.59862,2
29,258,3,5,4,96.58072894,474.6924,2
30,261,4,6,5,105.9574987,534.94182,2
31,265,5,3,3,186.597719,595.79982,2
32,269,3,4,4,102.2067908,474.6924,2
33,270,4,6,4,112.5212376,511.2072,2
34,273,5,4,4,150.0283168,559.8936,2
35,278,4,5,4,120.9603304,541.6362,2
36,282,5,5,4,161.2804406,578.151,2
37,289,4,4,3,120.9603304,529.4646,2
38,295,5,6,4,103.1444678,572.0652,2
39,305,4,5,4,95.64305196,499.0356,2
40,308,5,6,4,131.2747772,547.722,2
41,310,5,5,3,177.2209492,572.0652,2
42,314,6,5,4,300.0566336,608.58,2
43,319,5,5,3,119.0849765,547.722,2
44,321,6,5,4,281.303094,669.438,2
45,328,4,6,3,93.767698,486.864,2
46,332,6,7,5,262.5495544,608.58,2
47,339,5,4,4,112.5212376,572.0652,2
48,345,7,6,5,375.070792,730.296,2
49,349,5,6,5,253.1727846,584.2368,2
50,350,7,3,6,468.83849,852.012,2
51,354,3,4,4,140.651547,486.864,2
52,355,5,5,4,206.2889356,669.438,2
53,359,6,5,4,262.5495544,754.6392,2
54,367,4,6,4,281.303094,639.009,2
55,370,5,7,6,168.7818564,730.296,2
56,370,4,6,7,121.8980074,730.296,2
57,370,5,7,5,290.6798638,669.438,2
58,375,7,7,10,375.070792,1156.302,2
59,375,7,6,6,375.070792,1034.586,2
60,375,4,5,3,468.83849,791.154,2
61,375,3,5,5,468.83849,730.296,2
62,375,6,7,5,328.186943,791.154,2
63,380,5,8,6,281.303094,699.867,2
64,386,5,7,6,285.0538019,730.296,2
65,389,4,7,6,234.419245,669.438,2
66,392,7,7,5,468.83849,973.728,2
67,399,6,8,6,393.8243316,852.012,2
68,400,7,11,8,281.303094,1034.586,2
69,400,7,6,6,468.83849,973.728,2
70,400,7,6,6,468.83849,1034.586,2
71,400,5,8,7,337.5637128,791.154,2
72,410,4,10,8,140.651547,791.154,2
73,410,7,9,6,454.7733353,973.728,2
74,420,5,8,5,328.186943,852.012,2
75,430,5,8,6,384.4475618,912.87,2
76,440,7,9,6,562.606188,1034.586,2
77,446,7,7,6,515.722339,1065.015,2
78,449,6,6,5,328.186943,943.299,2
79,450,4,7,6,159.4050866,791.154,2
80,456,7,6,4,384.4475618,1113.09282,2
81,460,6,8,6,328.186943,852.012,2
82,467,7,8,6,337.5637128,1058.9292,2
83,470,5,7,5,281.303094,821.583,2
84,476,7,8,5,384.4475618,1156.302,2
85,480,6,8,7,328.186943,852.012,2
86,483,8,6,5,520.4107239,1189.7739,2
87,489,6,8,5,320.6855272,791.154,2
88,492,7,7,5,392.8866546,1060.75494,2
89,498,9,8,7,488.5297066,1278.018,2
90,500,10,9,8,656.373886,1825.74,2
91,500,8,8,10,750.141584,1338.876,2
92,500,5,10,7,187.535396,973.728,2
93,503,5,8,6,281.303094,912.87,2
94,505,7,9,5,356.3172524,1095.444,2
95,507,7,9,7,402.2634244,1150.2162,2
96,512,8,8,6,375.070792,1125.873,2
97,518,6,8,6,328.186943,876.3552,2
98,523,8,9,8,375.070792,1217.16,2
99,532,6,8,7,271.9263242,973.728,2
100,538,5,9,8,253.1727846,1004.157,2
101,540,6,12,7,562.606188,1095.444,2
102,541,8,7,6,375.070792,1130.74164,2
103,544,6,14,11,281.303094,1156.302,2
104,548,6,9,8,300.0566336,980.42238,2
105,559,7,6,8,356.3172524,1083.2724,2
106,564,6,8,7,349.7535135,935.99604,2
107,570,8,7,8,393.8243316,1065.015,2
108,577,9,9,7,506.3455692,1329.13872,2
109,582,6,8,8,273.8016782,1058.9292,2
110,588,4,9,7,196.9121658,864.1836,2
111,594,7,10,8,356.3172524,1174.5594,2
112,600,7,10,7,328.186943,1278.018,2
113,600,7,6,9,703.257735,1034.586,2
114,600,5,5,7,450.0849504,2130.03,2
115,600,5,6,8,234.419245,1095.444,2
116,602,3,7,9,168.7818564,730.296,2
117,609,6,8,8,318.8101732,1107.6156,2
118,612,6,9,7,331.9376509,1094.83542,2
119,619,8,7,8,347.8781596,1168.4736,2
120,624,5,10,7,280.365417,1022.4144,2
121,628,9,8,8,479.1529368,1278.018,2
122,633,7,7,9,366.6316992,1102.13838,2
123,640,4,8,9,269.1132933,865.40076,2
124,645,9,8,8,542.9149714,1399.734,2
125,650,7,6,5,328.186943,1320.6186,2
126,650,4,14,12,168.7818564,1095.444,2
127,650,10,9,8,539.1642635,1442.3346,2
128,655,10,8,9,552.2917412,1394.25678,2
129,660,8,9,8,375.070792,1211.68278,2
130,666,6,10,8,357.2549294,1034.586,2
131,670,5,8,11,797.025433,1217.16,2
132,670,4,7,8,358.1926064,943.299,2
133,677,9,9,7,470.713844,1412.51418,2
134,680,3,10,8,225.0424752,693.7812,2
135,684,8,11,6,457.5863662,1224.46296,2
136,690,5,7,7,296.3059257,987.11676,2
137,700,5,9,5,515.722339,1217.16,2
138,700,10,8,9,628.2435766,1460.592,2
139,709,3,8,9,281.303094,669.438,2
140,712,8,9,9,459.4617202,1235.4174,2
141,720,5,8,8,330.062297,1034.586,2
142,723,9,9,9,433.2067648,1439.90028,2
143,730,8,10,9,409.7648403,1234.80882,2
144,737,9,11,9,473.5268749,1449.63756,2
145,742,10,10,9,497.9064764,1528.14438,2
146,749,11,8,8,546.6656793,1644.38316,2
147,750,7,6,6,468.83849,1308.447,2
148,750,6,9,6,281.303094,730.296,2
149,756,7,9,9,377.8838229,1210.46562,2
150,760,4,8,9,319.7478502,925.65018,2
151,769,4,10,9,366.6316992,979.8138,2
152,774,6,9,11,369.4447301,1108.22418,2
153,779,8,10,11,478.2152598,1285.32096,2
154,780,4,8,7,375.070792,1156.302,2
155,783,3,11,11,168.7818564,494.16696,2
156,789,10,9,11,639.4957004,1460.592,2
157,791,11,10,10,675.1274256,1715.58702,2
158,799,6,8,11,282.240771,1148.99904,2
159,800,7,13,12,468.83849,1338.876,2
160,808,8,10,11,363.8186682,1223.2458,2
161,814,3,9,11,94.70537498,561.71934,2
162,818,9,9,9,553.2294182,1473.98076,2
163,821,6,7,9,384.4475618,1296.2754,2
164,826,5,8,9,369.4447301,1102.74696,2
165,831,9,9,11,581.3597276,1661.4234,2
166,842,11,10,10,731.3880444,1935.2844,2
167,850,7,8,9,515.722339,1407.03696,2
168,855,8,9,10,562.606188,1399.734,2
169,860,4,8,10,384.4475618,931.1274,2
170,865,8,7,10,500.7195073,1625.51718,2
171,871,9,9,9,499.7818303,1733.23584,2
172,874,6,15,9,445.3965655,1279.23516,2
173,880,8,9,10,537.2889095,1730.19294,2
174,888,5,17,8,327.249266,1110.04992,2
175,894,7,9,8,462.2747511,1418.59998,2
176,900,9,6,10,656.373886,2130.03,2
177,900,4,14,6,421.954641,1825.74,2
178,900,9,9,11,504.4702152,1667.5092,2
179,907,8,9,11,450.0849504,1582.308,2
180,913,6,10,11,365.6940222,1278.018,2
181,920,11,11,11,562.606188,1854.95184,2
182,928,5,9,12,367.5693762,1206.20556,2
183,937,7,10,12,478.2152598,1338.876,2
184,939,9,8,12,487.5920296,1660.81482,2
185,946,4,12,9,281.303094,1138.0446,2
186,950,10,11,10,580.4220506,1792.87668,2
187,955,9,8,9,552.2917412,1685.15802,2
188,963,8,15,10,541.9772944,1600.5654,2
189,970,12,16,10,677.9404565,1893.90096,2
190,978,6,9,12,431.3314108,1235.4174,2
191,983,5,11,12,318.8101732,1138.0446,2
192,990,8,9,11,445.3965655,1417.9914,2
193,1000,6,8,8,534.4758786,1582.308,2
194,1000,9,10,11,458.5240432,1503.1926,2
195,1024,13,20,9,759.5183538,2373.462,2
196,1036,8,12,8,442.5835346,1491.021,2
197,1045,5,13,10,337.5637128,1217.16,2
198,1058,14,18,11,752.9546149,2434.32,2
199,1068,16,15,8,815.7789726,2543.8644,2
200,1076,8,14,10,442.5835346,1612.12842,2
201,1088,6,9,10,386.3229158,1363.2192,2
202,1092,6,15,12,609.490037,1582.308,2
203,1097,4,9,12,355.3795754,1095.444,2
204,1100,15,14,12,740.7648142,2476.31202,2
205,1200,7,6,13,656.373886,1825.74,2
1,150,2,3,4,66.5,284.004,3
2,156,3,4,4,76,284.004,3
3,160,3,4,5,71.25,390.5055,3
4,163,3,5,5,95,319.5045,3
5,168,3,4,5,76,447.3063,3
6,179,4,6,4,114,497.007,3
7,184,4,4,5,104.5,461.5065,3
8,188,3,4,3,95,433.1061,3
9,193,4,4,3,114,568.008,3
10,199,3,4,4,85.5,475.7067,3
11,200,6,4,7,855,1420.02,3
12,200,4,4,4,57,639.009,3
13,205,4,5,4,95,568.008,3
14,212,5,5,3,104.5,624.8088,3
15,220,4,5,3,83.6,610.6086,3
16,221,3,4,3,72.2,482.8068,3
17,229,4,5,3,84.55,531.79749,3
18,238,5,5,5,104.5,631.9089,3
19,241,5,5,4,111.15,624.8088,3
20,246,4,4,4,97.85,575.1081,3
21,249,3,5,4,93.1,539.6076,3
22,250,5,3,2,380,1065.015,3
23,250,5,4,5,171,639.009,3
24,250,2,3,2,114,532.5075,3
25,250,4,6,4,123.5,568.008,3
26,252,5,4,4,134.9,582.2082,3
27,253,5,6,3,140.6,631.9089,3
28,255,4,5,5,104.5,595.69839,3
29,258,3,5,4,97.85,553.8078,3
30,261,4,6,5,107.35,624.09879,3
31,265,5,3,3,189.05,695.09979,3
32,269,3,4,4,103.55,553.8078,3
33,270,4,6,4,114,596.4084,3
34,273,5,4,4,152,653.2092,3
35,278,4,5,4,122.55,631.9089,3
36,282,5,5,4,163.4,674.5095,3
37,289,4,4,3,122.55,617.7087,3
38,295,5,6,4,104.5,667.4094,3
39,305,4,5,4,96.9,582.2082,3
40,308,5,6,4,133,639.009,3
41,310,5,5,3,179.55,667.4094,3
42,314,6,5,4,304,710.01,3
43,319,5,5,3,120.65,639.009,3
44,321,6,5,4,285,781.011,3
45,328,4,6,3,95,568.008,3
46,332,6,7,5,266,710.01,3
47,339,5,4,4,114,667.4094,3
48,345,7,6,5,380,852.012,3
49,349,5,6,5,256.5,681.6096,3
50,350,7,3,6,475,994.014,3
51,354,3,4,4,142.5,568.008,3
52,355,5,5,4,209,781.011,3
53,359,6,5,4,266,880.4124,3
54,367,4,6,4,285,745.5105,3
55,370,5,7,6,171,852.012,3
56,370,4,6,7,123.5,852.012,3
57,370,5,7,5,294.5,781.011,3
58,375,7,7,10,380,1349.019,3
59,375,7,6,6,380,1207.017,3
60,375,4,5,3,475,923.013,3
61,375,3,5,5,475,852.012,3
62,375,6,7,5,332.5,923.013,3
63,380,5,8,6,285,816.5115,3
64,386,5,7,6,288.8,852.012,3
65,389,4,7,6,237.5,781.011,3
66,392,7,7,5,475,1136.016,3
67,399,6,8,6,399,994.014,3
68,400,7,11,8,285,1207.017,3
69,400,7,6,6,475,1136.016,3
70,400,7,6,6,475,1207.017,3
71,400,5,8,7,342,923.013,3
72,410,4,10,8,142.5,923.013,3
73,410,7,9,6,460.75,1136.016,3
74,420,5,8,5,332.5,994.014,3
75,430,5,8,6,389.5,1065.015,3
76,440,7,9,6,570,1207.017,3
77,446,7,7,6,522.5,1242.5175,3
78,449,6,6,5,332.5,1100.5155,3
79,450,4,7,6,161.5,923.013,3
80,456,7,6,4,389.5,1298.60829,3
81,460,6,8,6,332.5,994.014,3
82,467,7,8,6,342,1235.4174,3
83,470,5,7,5,285,958.5135,3
84,476,7,8,5,389.5,1349.019,3
85,480,6,8,7,332.5,994.014,3
86,483,8,6,5,527.25,1388.06955,3
87,489,6,8,5,324.9,923.013,3
88,492,7,7,5,398.05,1237.54743,3
89,498,9,8,7,494.95,1491.021,3
90,500,10,9,8,665,2130.03,3
91,500,8,8,10,760,1562.022,3
92,500,5,10,7,190,1136.016,3
93,503,5,8,6,285,1065.015,3
94,505,7,9,5,361,1278.018,3
95,507,7,9,7,407.55,1341.9189,3
96,512,8,8,6,380,1313.5185,3
97,518,6,8,6,332.5,1022.4144,3
98,523,8,9,8,380,1420.02,3
99,532,6,8,7,275.5,1136.016,3
100,538,5,9,8,256.5,1171.5165,3
101,540,6,12,7,570,1278.018,3
102,541,8,7,6,380,1319.19858,3
103,544,6,14,11,285,1349.019,3
104,548,6,9,8,304,1143.82611,3
105,559,7,6,8,361,1263.8178,3
106,564,6,8,7,354.35,1091.99538,3
107,570,8,7,8,399,1242.5175,3
108,577,9,9,7,513,1550.66184,3
109,582,6,8,8,277.4,1235.4174,3
110,588,4,9,7,199.5,1008.2142,3
111,594,7,10,8,361,1370.3193,3
112,600,7,10,7,332.5,1491.021,3
113,600,7,6,9,712.5,1207.017,3
114,600,5,5,7,456,2485.035,3
115,600,5,6,8,237.5,1278.018,3
116,602,3,7,9,171,852.012,3
117,609,6,8,8,323,1292.2182,3
118,612,6,9,7,336.3,1277.30799,3
119,619,8,7,8,352.45,1363.2192,3
120,624,5,10,7,284.05,1192.8168,3
121,628,9,8,8,485.45,1491.021,3
122,633,7,7,9,371.45,1285.82811,3
123,640,4,8,9,272.65,1009.63422,3
124,645,9,8,8,550.05,1633.023,3
125,650,7,6,5,332.5,1540.7217,3
126,650,4,14,12,171,1278.018,3
127,650,10,9,8,546.25,1682.7237,3
128,655,10,8,9,559.55,1626.63291,3
129,660,8,9,8,380,1413.62991,3
130,666,6,10,8,361.95,1207.017,3
131,670,5,8,11,807.5,1420.02,3
132,670,4,7,8,362.9,1100.5155,3
133,677,9,9,7,476.9,1647.93321,3
134,680,3,10,8,228,809.4114,3
135,684,8,11,6,463.6,1428.54012,3
136,690,5,7,7,300.2,1151.63622,3
137,700,5,9,5,522.5,1420.02,3
138,700,10,8,9,636.5,1704.024,3
139,709,3,8,9,285,781.011,3
140,712,8,9,9,465.5,1441.3203,3
141,720,5,8,8,334.4,1207.017,3
142,723,9,9,9,438.9,1679.88366,3
143,730,8,10,9,415.15,1440.61029,3
144,737,9,11,9,479.75,1691.24382,3
145,742,10,10,9,504.45,1782.83511,3
146,749,11,8,8,553.85,1918.44702,3
147,750,7,6,6,475,1526.5215,3
148,750,6,9,6,285,852.012,3
149,756,7,9,9,382.85,1412.20989,3
150,760,4,8,9,323.95,1079.92521,3
151,769,4,10,9,371.45,1143.1161,3
152,774,6,9,11,374.3,1292.92821,3
153,779,8,10,11,484.5,1499.54112,3
154,780,4,8,7,380,1349.019,3
155,783,3,11,11,171,576.52812,3
156,789,10,9,11,647.9,1704.024,3
157,791,11,10,10,684,2001.51819,3
158,799,6,8,11,285.95,1340.49888,3
159,800,7,13,12,475,1562.022,3
160,808,8,10,11,368.6,1427.1201,3
161,814,3,9,11,95.95,655.33923,3
162,818,9,9,9,560.5,1719.64422,3
163,821,6,7,9,389.5,1512.3213,3
164,826,5,8,9,374.3,1286.53812,3
165,831,9,9,11,589,1938.3273,3
166,842,11,10,10,741,2257.8318,3
167,850,7,8,9,522.5,1641.54312,3
168,855,8,9,10,570,1633.023,3
169,860,4,8,10,389.5,1086.3153,3
170,865,8,7,10,507.3,1896.43671,3
171,871,9,9,9,506.35,2022.10848,3
172,874,6,15,9,451.25,1492.44102,3
173,880,8,9,10,544.35,2018.55843,3
174,888,5,17,8,331.55,1295.05824,3
175,894,7,9,8,468.35,1655.03331,3
176,900,9,6,10,665,2485.035,3
177,900,4,14,6,427.5,2130.03,3
178,900,9,9,11,511.1,1945.4274,3
179,907,8,9,11,456,1846.026,3
180,913,6,10,11,370.5,1491.021,3
181,920,11,11,11,570,2164.11048,3
182,928,5,9,12,372.4,1407.23982,3
183,937,7,10,12,484.5,1562.022,3
184,939,9,8,12,494,1937.61729,3
185,946,4,12,9,285,1327.7187,3
186,950,10,11,10,588.05,2091.68946,3
187,955,9,8,9,559.55,1966.01769,3
188,963,8,15,10,549.1,1867.3263,3
189,970,12,16,10,686.85,2209.55112,3
190,978,6,9,12,437,1441.3203,3
191,983,5,11,12,323,1327.7187,3
192,990,8,9,11,451.25,1654.3233,3
193,1000,6,8,8,541.5,1846.026,3
194,1000,9,10,11,464.55,1753.7247,3
195,1024,13,20,9,769.5,2769.039,3
196,1036,8,12,8,448.4,1739.5245,3
197,1045,5,13,10,342,1420.02,3
198,1058,14,18,11,762.85,2840.04,3
199,1068,16,15,8,826.5,2967.8418,3
200,1076,8,14,10,448.4,1880.81649,3
201,1088,6,9,10,391.4,1590.4224,3
202,1092,6,15,12,617.5,1846.026,3
203,1097,4,9,12,360.05,1278.018,3
204,1100,15,14,12,750.5,2889.03069,3
205,1200,7,6,13,665,2130.03,3
1,150,2,3,4,72.2855,344.862,4
2,156,3,4,4,82.612,344.862,4
3,160,3,4,5,77.44875,474.18525,4
4,163,3,5,5,103.265,387.96975,4
5,168,3,4,5,82.612,543.15765,4
6,179,4,6,4,123.918,603.5085,4
7,184,4,4,5,113.5915,560.40075,4
8,188,3,4,3,103.265,525.91455,4
9,193,4,4,3,123.918,689.724,4
10,199,3,4,4,92.9385,577.64385,4
11,200,6,4,7,929.385,1724.31,4
12,200,4,4,4,61.959,775.9395,4
13,205,4,5,4,103.265,689.724,4
14,212,5,5,3,113.5915,758.6964,4
15,220,4,5,3,90.8732,741.4533,4
16,221,3,4,3,78.4814,586.2654,4
17,229,4,5,3,91.90585,645.754095,4
18,238,5,5,5,113.5915,767.31795,4
19,241,5,5,4,120.82005,758.6964,4
20,246,4,4,4,106.36295,698.34555,4
21,249,3,5,4,101.1997,655.2378,4
22,250,5,3,2,413.06,1293.2325,4
23,250,5,4,5,185.877,775.9395,4
24,250,2,3,2,123.918,646.61625,4
25,250,4,6,4,134.2445,689.724,4
26,252,5,4,4,146.6363,706.9671,4
27,253,5,6,3,152.8322,767.31795,4
28,255,4,5,5,113.5915,723.348045,4
29,258,3,5,4,106.36295,672.4809,4
30,261,4,6,5,116.68945,757.834245,4
31,265,5,3,3,205.49735,844.049745,4
32,269,3,4,4,112.55885,672.4809,4
33,270,4,6,4,123.918,724.2102,4
34,273,5,4,4,165.224,793.1826,4
35,278,4,5,4,133.21185,767.31795,4
36,282,5,5,4,177.6158,819.04725,4
37,289,4,4,3,133.21185,750.07485,4
38,295,5,6,4,113.5915,810.4257,4
39,305,4,5,4,105.3303,706.9671,4
40,308,5,6,4,144.571,775.9395,4
41,310,5,5,3,195.17085,810.4257,4
42,314,6,5,4,330.448,862.155,4
43,319,5,5,3,131.14655,775.9395,4
44,321,6,5,4,309.795,948.3705,4
45,328,4,6,3,103.265,689.724,4
46,332,6,7,5,289.142,862.155,4
47,339,5,4,4,123.918,810.4257,4
48,345,7,6,5,413.06,1034.586,4
49,349,5,6,5,278.8155,827.6688,4
50,350,7,3,6,516.325,1207.017,4
51,354,3,4,4,154.8975,689.724,4
52,355,5,5,4,227.183,948.3705,4
53,359,6,5,4,289.142,1069.0722,4
54,367,4,6,4,309.795,905.26275,4
55,370,5,7,6,185.877,1034.586,4
56,370,4,6,7,134.2445,1034.586,4
57,370,5,7,5,320.1215,948.3705,4
58,375,7,7,10,413.06,1638.0945,4
59,375,7,6,6,413.06,1465.6635,4
60,375,4,5,3,516.325,1120.8015,4
61,375,3,5,5,516.325,1034.586,4
62,375,6,7,5,361.4275,1120.8015,4
63,380,5,8,6,309.795,991.47825,4
64,386,5,7,6,313.9256,1034.586,4
65,389,4,7,6,258.1625,948.3705,4
66,392,7,7,5,516.325,1379.448,4
67,399,6,8,6,433.713,1207.017,4
68,400,7,11,8,309.795,1465.6635,4
69,400,7,6,6,516.325,1379.448,4
70,400,7,6,6,516.325,1465.6635,4
71,400,5,8,7,371.754,1120.8015,4
72,410,4,10,8,154.8975,1120.8015,4
73,410,7,9,6,500.83525,1379.448,4
74,420,5,8,5,361.4275,1207.017,4
75,430,5,8,6,423.3865,1293.2325,4
76,440,7,9,6,619.59,1465.6635,4
77,446,7,7,6,567.9575,1508.77125,4
78,449,6,6,5,361.4275,1336.34025,4
79,450,4,7,6,175.5505,1120.8015,4
80,456,7,6,4,423.3865,1576.881495,4
81,460,6,8,6,361.4275,1207.017,4
82,467,7,8,6,371.754,1500.1497,4
83,470,5,7,5,309.795,1163.90925,4
84,476,7,8,5,423.3865,1638.0945,4
85,480,6,8,7,361.4275,1207.017,4
86,483,8,6,5,573.12075,1685.513025,4
87,489,6,8,5,353.1663,1120.8015,4
88,492,7,7,5,432.68035,1502.736165,4
89,498,9,8,7,538.01065,1810.5255,4
90,500,10,9,8,722.855,2586.465,4
91,500,8,8,10,826.12,1896.741,4
92,500,5,10,7,206.53,1379.448,4
93,503,5,8,6,309.795,1293.2325,4
94,505,7,9,5,392.407,1551.879,4
95,507,7,9,7,443.00685,1629.47295,4
96,512,8,8,6,413.06,1594.98675,4
97,518,6,8,6,361.4275,1241.5032,4
98,523,8,9,8,413.06,1724.31,4
99,532,6,8,7,299.4685,1379.448,4
100,538,5,9,8,278.8155,1422.55575,4
101,540,6,12,7,619.59,1551.879,4
102,541,8,7,6,413.06,1601.88399,4
103,544,6,14,11,309.795,1638.0945,4
104,548,6,9,8,330.448,1388.931705,4
105,559,7,6,8,392.407,1534.6359,4
106,564,6,8,7,385.17845,1325.99439,4
107,570,8,7,8,433.713,1508.77125,4
108,577,9,9,7,557.631,1882.94652,4
109,582,6,8,8,301.5338,1500.1497,4
110,588,4,9,7,216.8565,1224.2601,4
111,594,7,10,8,392.407,1663.95915,4
112,600,7,10,7,361.4275,1810.5255,4
113,600,7,6,9,774.4875,1465.6635,4
114,600,5,5,7,495.672,3017.5425,4
115,600,5,6,8,258.1625,1551.879,4
116,602,3,7,9,185.877,1034.586,4
117,609,6,8,8,351.101,1569.1221,4
118,612,6,9,7,365.5581,1551.016845,4
119,619,8,7,8,383.11315,1655.3376,4
120,624,5,10,7,308.76235,1448.4204,4
121,628,9,8,8,527.68415,1810.5255,4
122,633,7,7,9,403.76615,1561.362705,4
123,640,4,8,9,296.37055,1225.98441,4
124,645,9,8,8,597.90435,1982.9565,4
125,650,7,6,5,361.4275,1870.87635,4
126,650,4,14,12,185.877,1551.879,4
127,650,10,9,8,593.77375,2043.30735,4
128,655,10,8,9,608.23085,1975.197105,4
129,660,8,9,8,413.06,1716.550605,4
130,666,6,10,8,393.43965,1465.6635,4
131,670,5,8,11,877.7525,1724.31,4
132,670,4,7,8,394.4723,1336.34025,4
133,677,9,9,7,518.3903,2001.061755,4
134,680,3,10,8,247.836,982.8567,4
135,684,8,11,6,503.9332,1734.65586,4
136,690,5,7,7,326.3174,1398.41541,4
137,700,5,9,5,567.9575,1724.31,4
138,700,10,8,9,691.8755,2069.172,4
139,709,3,8,9,309.795,948.3705,4
140,712,8,9,9,505.9985,1750.17465,4
141,720,5,8,8,363.4928,1465.6635,4
142,723,9,9,9,477.0843,2039.85873,4
143,730,8,10,9,451.26805,1749.312495,4
144,737,9,11,9,521.48825,2053.65321,4
145,742,10,10,9,548.33715,2164.871205,4
146,749,11,8,8,602.03495,2329.54281,4
147,750,7,6,6,516.325,1853.63325,4
148,750,6,9,6,309.795,1034.586,4
149,756,7,9,9,416.15795,1714.826295,4
150,760,4,8,9,352.13365,1311.337755,4
151,769,4,10,9,403.76615,1388.06955,4
152,774,6,9,11,406.8641,1569.984255,4
153,779,8,10,11,526.6515,1820.87136,4
154,780,4,8,7,413.06,1638.0945,4
155,783,3,11,11,185.877,700.06986,4
156,789,10,9,11,704.2673,2069.172,4
157,791,11,10,10,743.508,2430.414945,4
158,799,6,8,11,310.82765,1627.74864,4
159,800,7,13,12,516.325,1896.741,4
160,808,8,10,11,400.6682,1732.93155,4
161,814,3,9,11,104.29765,795.769065,4
162,818,9,9,9,609.2635,2088.13941,4
163,821,6,7,9,423.3865,1836.39015,4
164,826,5,8,9,406.8641,1562.22486,4
165,831,9,9,11,640.243,2353.68315,4
166,842,11,10,10,805.467,2741.6529,4
167,850,7,8,9,567.9575,1993.30236,4
168,855,8,9,10,619.59,1982.9565,4
169,860,4,8,10,423.3865,1319.09715,4
170,865,8,7,10,551.4351,2302.816005,4
171,871,9,9,9,550.40245,2455.41744,4
172,874,6,15,9,490.50875,1812.24981,4
173,880,8,9,10,591.70845,2451.106665,4
174,888,5,17,8,360.39485,1572.57072,4
175,894,7,9,8,509.09645,2009.683305,4
176,900,9,6,10,722.855,3017.5425,4
177,900,4,14,6,464.6925,2586.465,4
178,900,9,9,11,555.5657,2362.3047,4
179,907,8,9,11,495.672,2241.603,4
180,913,6,10,11,402.7335,1810.5255,4
181,920,11,11,11,619.59,2627.84844,4
182,928,5,9,12,404.7988,1708.79121,4
183,937,7,10,12,526.6515,1896.741,4
184,939,9,8,12,536.978,2352.820995,4
185,946,4,12,9,309.795,1612.22985,4
186,950,10,11,10,639.21035,2539.90863,4
187,955,9,8,9,608.23085,2387.307195,4
188,963,8,15,10,596.8717,2267.46765,4
189,970,12,16,10,746.60595,2683.02636,4
190,978,6,9,12,475.019,1750.17465,4
191,983,5,11,12,351.101,1612.22985,4
192,990,8,9,11,490.50875,2008.82115,4
193,1000,6,8,8,588.6105,2241.603,4
194,1000,9,10,11,504.96585,2129.52285,4
195,1024,13,20,9,836.4465,3362.4045,4
196,1036,8,12,8,487.4108,2112.27975,4
197,1045,5,13,10,371.754,1724.31,4
198,1058,14,18,11,829.21795,3448.62,4
199,1068,16,15,8,898.4055,3603.8079,4
200,1076,8,14,10,487.4108,2283.848595,4
201,1088,6,9,10,425.4518,1931.2272,4
202,1092,6,15,12,671.2225,2241.603,4
203,1097,4,9,12,391.37435,1551.879,4
204,1100,15,14,12,815.7935,3508.108695,4
205,1200,7,6,13,722.855,2586.465,4
1,150,2,3,4,70,400,5
2,156,3,4,4,80,400,5
3,160,3,4,5,75,550,5
4,163,3,5,5,100,450,5
5,168,3,4,5,80,630,5
6,179,4,6,4,120,700,5
7,184,4,4,5,110,650,5
8,188,3,4,3,100,610,5
9,193,4,4,3,120,800,5
10,199,3,4,4,90,670,5
11,200,6,4,7,900,2000,5
12,200,4,4,4,60,900,5
13,205,4,5,4,100,800,5
14,212,5,5,3,110,880,5
15,220,4,5,3,88,860,5
16,221,3,4,3,76,680,5
17,229,4,5,3,89,749,5
18,238,5,5,5,110,890,5
19,241,5,5,4,117,880,5
20,246,4,4,4,103,810,5
21,249,3,5,4,98,760,5
22,250,5,3,2,400,1500,5
23,250,5,4,5,180,900,5
24,250,2,3,2,120,750,5
25,250,4,6,4,130,800,5
26,252,5,4,4,142,820,5
27,253,5,6,3,148,890,5
28,255,4,5,5,110,839,5
29,258,3,5,4,103,780,5
30,261,4,6,5,113,879,5
31,265,5,3,3,199,979,5
32,269,3,4,4,109,780,5
33,270,4,6,4,120,840,5
34,273,5,4,4,160,920,5
35,278,4,5,4,129,890,5
36,282,5,5,4,172,950,5
37,289,4,4,3,129,870,5
38,295,5,6,4,110,940,5
39,305,4,5,4,102,820,5
40,308,5,6,4,140,900,5
41,310,5,5,3,189,940,5
42,314,6,5,4,320,1000,5
43,319,5,5,3,127,900,5
44,321,6,5,4,300,1100,5
45,328,4,6,3,100,800,5
46,332,6,7,5,280,1000,5
47,339,5,4,4,120,940,5
48,345,7,6,5,400,1200,5
49,349,5,6,5,270,960,5
50,350,7,3,6,500,1400,5
51,354,3,4,4,150,800,5
52,355,5,5,4,220,1100,5
53,359,6,5,4,280,1240,5
54,367,4,6,4,300,1050,5
55,370,5,7,6,180,1200,5
56,370,4,6,7,130,1200,5
57,370,5,7,5,310,1100,5
58,375,7,7,10,400,1900,5
59,375,7,6,6,400,1700,5
60,375,4,5,3,500,1300,5
61,375,3,5,5,500,1200,5
62,375,6,7,5,350,1300,5
63,380,5,8,6,300,1150,5
64,386,5,7,6,304,1200,5
65,389,4,7,6,250,1100,5
66,392,7,7,5,500,1600,5
67,399,6,8,6,420,1400,5
68,400,7,11,8,300,1700,5
69,400,7,6,6,500,1600,5
70,400,7,6,6,500,1700,5
71,400,5,8,7,360,1300,5
72,410,4,10,8,150,1300,5
73,410,7,9,6,485,1600,5
74,420,5,8,5,350,1400,5
75,430,5,8,6,410,1500,5
76,440,7,9,6,600,1700,5
77,446,7,7,6,550,1750,5
78,449,6,6,5,350,1550,5
79,450,4,7,6,170,1300,5
80,456,7,6,4,410,1829,5
81,460,6,8,6,350,1400,5
82,467,7,8,6,360,1740,5
83,470,5,7,5,300,1350,5
84,476,7,8,5,410,1900,5
85,480,6,8,7,350,1400,5
86,483,8,6,5,555,1955,5
87,489,6,8,5,342,1300,5
88,492,7,7,5,419,1743,5
89,498,9,8,7,521,2100,5
90,500,10,9,8,700,3000,5
91,500,8,8,10,800,2200,5
92,500,5,10,7,200,1600,5
93,503,5,8,6,300,1500,5
94,505,7,9,5,380,1800,5
95,507,7,9,7,429,1890,5
96,512,8,8,6,400,1850,5
97,518,6,8,6,350,1440,5
98,523,8,9,8,400,2000,5
99,532,6,8,7,290,1600,5
100,538,5,9,8,270,1650,5
101,540,6,12,7,600,1800,5
102,541,8,7,6,400,1858,5
103,544,6,14,11,300,1900,5
104,548,6,9,8,320,1611,5
105,559,7,6,8,380,1780,5
106,564,6,8,7,373,1538,5
107,570,8,7,8,420,1750,5
108,577,9,9,7,540,2184,5
109,582,6,8,8,292,1740,5
110,588,4,9,7,210,1420,5
111,594,7,10,8,380,1930,5
112,600,7,10,7,350,2100,5
113,600,7,6,9,750,1700,5
114,600,5,5,7,480,3500,5
115,600,5,6,8,250,1800,5
116,602,3,7,9,180,1200,5
117,609,6,8,8,340,1820,5
118,612,6,9,7,354,1799,5
119,619,8,7,8,371,1920,5
120,624,5,10,7,299,1680,5
121,628,9,8,8,511,2100,5
122,633,7,7,9,391,1811,5
123,640,4,8,9,287,1422,5
124,645,9,8,8,579,2300,5
125,650,7,6,5,350,2170,5
126,650,4,14,12,180,1800,5
127,650,10,9,8,575,2370,5
128,655,10,8,9,589,2291,5
129,660,8,9,8,400,1991,5
130,666,6,10,8,381,1700,5
131,670,5,8,11,850,2000,5
132,670,4,7,8,382,1550,5
133,677,9,9,7,502,2321,5
134,680,3,10,8,240,1140,5
135,684,8,11,6,488,2012,5
136,690,5,7,7,316,1622,5
137,700,5,9,5,550,2000,5
138,700,10,8,9,670,2400,5
139,709,3,8,9,300,1100,5
140,712,8,9,9,490,2030,5
141,720,5,8,8,352,1700,5
142,723,9,9,9,462,2366,5
143,730,8,10,9,437,2029,5
144,737,9,11,9,505,2382,5
145,742,10,10,9,531,2511,5
146,749,11,8,8,583,2702,5
147,750,7,6,6,500,2150,5
148,750,6,9,6,300,1200,5
149,756,7,9,9,403,1989,5
150,760,4,8,9,341,1521,5
151,769,4,10,9,391,1610,5
152,774,6,9,11,394,1821,5
153,779,8,10,11,510,2112,5
154,780,4,8,7,400,1900,5
155,783,3,11,11,180,812,5
156,789,10,9,11,682,2400,5
157,791,11,10,10,720,2819,5
158,799,6,8,11,301,1888,5
159,800,7,13,12,500,2200,5
160,808,8,10,11,388,2010,5
161,814,3,9,11,101,923,5
162,818,9,9,9,590,2422,5
163,821,6,7,9,410,2130,5
164,826,5,8,9,394,1812,5
165,831,9,9,11,620,2730,5
166,842,11,10,10,780,3180,5
167,850,7,8,9,550,2312,5
168,855,8,9,10,600,2300,5
169,860,4,8,10,410,1530,5
170,865,8,7,10,534,2671,5
171,871,9,9,9,533,2848,5
172,874,6,15,9,475,2102,5
173,880,8,9,10,573,2843,5
174,888,5,17,8,349,1824,5
175,894,7,9,8,493,2331,5
176,900,9,6,10,700,3500,5
177,900,4,14,6,450,3000,5
178,900,9,9,11,538,2740,5
179,907,8,9,11,480,2600,5
180,913,6,10,11,390,2100,5
181,920,11,11,11,600,3048,5
182,928,5,9,12,392,1982,5
183,937,7,10,12,510,2200,5
184,939,9,8,12,520,2729,5
185,946,4,12,9,300,1870,5
186,950,10,11,10,619,2946,5
187,955,9,8,9,589,2769,5
188,963,8,15,10,578,2630,5
189,970,12,16,10,723,3112,5
190,978,6,9,12,460,2030,5
191,983,5,11,12,340,1870,5
192,990,8,9,11,475,2330,5
193,1000,6,8,8,570,2600,5
194,1000,9,10,11,489,2470,5
195,1024,13,20,9,810,3900,5
196,1036,8,12,8,472,2450,5
197,1045,5,13,10,360,2000,5
198,1058,14,18,11,803,4000,5
199,1068,16,15,8,870,4180,5
200,1076,8,14,10,472,2649,5
201,1088,6,9,10,412,2240,5
202,1092,6,15,12,650,2600,5
203,1097,4,9,12,379,1800,5
204,1100,15,14,12,790,4069,5
205,1200,7,6,13,700,3000,5
1,150,2,3,4,74.9,420,6
2,156,3,4,4,85.6,420,6
3,160,3,4,5,80.25,577.5,6
4,163,3,5,5,107,472.5,6
5,168,3,4,5,85.6,661.5,6
6,179,4,6,4,128.4,735,6
7,184,4,4,5,117.7,682.5,6
8,188,3,4,3,107,640.5,6
9,193,4,4,3,128.4,840,6
10,199,3,4,4,96.3,703.5,6
11,200,6,4,7,963,2100,6
12,200,4,4,4,64.2,945,6
13,205,4,5,4,107,840,6
14,212,5,5,3,117.7,924,6
15,220,4,5,3,94.16,903,6
16,221,3,4,3,81.32,714,6
17,229,4,5,3,95.23,786.45,6
18,238,5,5,5,117.7,934.5,6
19,241,5,5,4,125.19,924,6
20,246,4,4,4,110.21,850.5,6
21,249,3,5,4,104.86,798,6
22,250,5,3,2,428,1575,6
23,250,5,4,5,192.6,945,6
24,250,2,3,2,128.4,787.5,6
25,250,4,6,4,139.1,840,6
26,252,5,4,4,151.94,861,6
27,253,5,6,3,158.36,934.5,6
28,255,4,5,5,117.7,880.95,6
29,258,3,5,4,110.21,819,6
30,261,4,6,5,120.91,922.95,6
31,265,5,3,3,212.93,1027.95,6
32,269,3,4,4,116.63,819,6
33,270,4,6,4,128.4,882,6
34,273,5,4,4,171.2,966,6
35,278,4,5,4,138.03,934.5,6
36,282,5,5,4,184.04,997.5,6
37,289,4,4,3,138.03,913.5,6
38,295,5,6,4,117.7,987,6
39,305,4,5,4,109.14,861,6
40,308,5,6,4,149.8,945,6
41,310,5,5,3,202.23,987,6
42,314,6,5,4,342.4,1050,6
43,319,5,5,3,135.89,945,6
44,321,6,5,4,321,1155,6
45,328,4,6,3,107,840,6
46,332,6,7,5,299.6,1050,6
47,339,5,4,4,128.4,987,6
48,345,7,6,5,428,1260,6
49,349,5,6,5,288.9,1008,6
50,350,7,3,6,535,1470,6
51,354,3,4,4,160.5,840,6
52,355,5,5,4,235.4,1155,6
53,359,6,5,4,299.6,1302,6
54,367,4,6,4,321,1102.5,6
55,370,5,7,6,192.6,1260,6
56,370,4,6,7,139.1,1260,6
57,370,5,7,5,331.7,1155,6
58,375,7,7,10,428,1995,6
59,375,7,6,6,428,1785,6
60,375,4,5,3,535,1365,6
61,375,3,5,5,535,1260,6
62,375,6,7,5,374.5,1365,6
63,380,5,8,6,321,1207.5,6
64,386,5,7,6,325.28,1260,6
65,389,4,7,6,267.5,1155,6
66,392,7,7,5,535,1680,6
67,399,6,8,6,449.4,1470,6
68,400,7,11,8,321,1785,6
69,400,7,6,6,535,1680,6
70,400,7,6,6,535,1785,6
71,400,5,8,7,385.2,1365,6
72,410,4,10,8,160.5,1365,6
73,410,7,9,6,518.95,1680,6
74,420,5,8,5,374.5,1470,6
75,430,5,8,6,438.7,1575,6
76,440,7,9,6,642,1785,6
77,446,7,7,6,588.5,1837.5,6
78,449,6,6,5,374.5,1627.5,6
79,450,4,7,6,181.9,1365,6
80,456,7,6,4,438.7,1920.45,6
81,460,6,8,6,374.5,1470,6
82,467,7,8,6,385.2,1827,6
83,470,5,7,5,321,1417.5,6
84,476,7,8,5,438.7,1995,6
85,480,6,8,7,374.5,1470,6
86,483,8,6,5,593.85,2052.75,6
87,489,6,8,5,365.94,1365,6
88,492,7,7,5,448.33,1830.15,6
89,498,9,8,7,557.47,2205,6
90,500,10,9,8,749,3150,6
91,500,8,8,10,856,2310,6
92,500,5,10,7,214,1680,6
93,503,5,8,6,321,1575,6
94,505,7,9,5,406.6,1890,6
95,507,7,9,7,459.03,1984.5,6
96,512,8,8,6,428,1942.5,6
97,518,6,8,6,374.5,1512,6
98,523,8,9,8,428,2100,6
99,532,6,8,7,310.3,1680,6
100,538,5,9,8,288.9,1732.5,6
101,540,6,12,7,642,1890,6
102,541,8,7,6,428,1950.9,6
103,544,6,14,11,321,1995,6
104,548,6,9,8,342.4,1691.55,6
105,559,7,6,8,406.6,1869,6
106,564,6,8,7,399.11,1614.9,6
107,570,8,7,8,449.4,1837.5,6
108,577,9,9,7,577.8,2293.2,6
109,582,6,8,8,312.44,1827,6
110,588,4,9,7,224.7,1491,6
111,594,7,10,8,406.6,2026.5,6
112,600,7,10,7,374.5,2205,6
113,600,7,6,9,802.5,1785,6
114,600,5,5,7,513.6,3675,6
115,600,5,6,8,267.5,1890,6
116,602,3,7,9,192.6,1260,6
117,609,6,8,8,363.8,1911,6
118,612,6,9,7,378.78,1888.95,6
119,619,8,7,8,396.97,2016,6
120,624,5,10,7,319.93,1764,6
121,628,9,8,8,546.77,2205,6
122,633,7,7,9,418.37,1901.55,6
123,640,4,8,9,307.09,1493.1,6
124,645,9,8,8,619.53,2415,6
125,650,7,6,5,374.5,2278.5,6
126,650,4,14,12,192.6,1890,6
127,650,10,9,8,615.25,2488.5,6
128,655,10,8,9,630.23,2405.55,6
129,660,8,9,8,428,2090.55,6
130,666,6,10,8,407.67,1785,6
131,670,5,8,11,909.5,2100,6
132,670,4,7,8,408.74,1627.5,6
133,677,9,9,7,537.14,2437.05,6
134,680,3,10,8,256.8,1197,6
135,684,8,11,6,522.16,2112.6,6
136,690,5,7,7,338.12,1703.1,6
137,700,5,9,5,588.5,2100,6
138,700,10,8,9,716.9,2520,6
139,709,3,8,9,321,1155,6
140,712,8,9,9,524.3,2131.5,6
141,720,5,8,8,376.64,1785,6
142,723,9,9,9,494.34,2484.3,6
143,730,8,10,9,467.59,2130.45,6
144,737,9,11,9,540.35,2501.1,6
145,742,10,10,9,568.17,2636.55,6
146,749,11,8,8,623.81,2837.1,6
147,750,7,6,6,535,2257.5,6
148,750,6,9,6,321,1260,6
149,756,7,9,9,431.21,2088.45,6
150,760,4,8,9,364.87,1597.05,6
151,769,4,10,9,418.37,1690.5,6
152,774,6,9,11,421.58,1912.05,6
153,779,8,10,11,545.7,2217.6,6
154,780,4,8,7,428,1995,6
155,783,3,11,11,192.6,852.6,6
156,789,10,9,11,729.74,2520,6
157,791,11,10,10,770.4,2959.95,6
158,799,6,8,11,322.07,1982.4,6
159,800,7,13,12,535,2310,6
160,808,8,10,11,415.16,2110.5,6
161,814,3,9,11,108.07,969.15,6
162,818,9,9,9,631.3,2543.1,6
163,821,6,7,9,438.7,2236.5,6
164,826,5,8,9,421.58,1902.6,6
165,831,9,9,11,663.4,2866.5,6
166,842,11,10,10,834.6,3339,6
167,850,7,8,9,588.5,2427.6,6
168,855,8,9,10,642,2415,6
169,860,4,8,10,438.7,1606.5,6
170,865,8,7,10,571.38,2804.55,6
171,871,9,9,9,570.31,2990.4,6
172,874,6,15,9,508.25,2207.1,6
173,880,8,9,10,613.11,2985.15,6
174,888,5,17,8,373.43,1915.2,6
175,894,7,9,8,527.51,2447.55,6
176,900,9,6,10,749,3675,6
177,900,4,14,6,481.5,3150,6
178,900,9,9,11,575.66,2877,6
179,907,8,9,11,513.6,2730,6
180,913,6,10,11,417.3,2205,6
181,920,11,11,11,642,3200.4,6
182,928,5,9,12,419.44,2081.1,6
183,937,7,10,12,545.7,2310,6
184,939,9,8,12,556.4,2865.45,6
185,946,4,12,9,321,1963.5,6
186,950,10,11,10,662.33,3093.3,6
187,955,9,8,9,630.23,2907.45,6
188,963,8,15,10,618.46,2761.5,6
189,970,12,16,10,773.61,3267.6,6
190,978,6,9,12,492.2,2131.5,6
191,983,5,11,12,363.8,1963.5,6
192,990,8,9,11,508.25,2446.5,6
193,1000,6,8,8,609.9,2730,6
194,1000,9,10,11,523.23,2593.5,6
195,1024,13,20,9,866.7,4095,6
196,1036,8,12,8,505.04,2572.5,6
197,1045,5,13,10,385.2,2100,6
198,1058,14,18,11,859.21,4200,6
199,1068,16,15,8,930.9,4389,6
200,1076,8,14,10,505.04,2781.45,6
201,1088,6,9,10,440.84,2352,6
202,1092,6,15,12,695.5,2730,6
203,1097,4,9,12,405.53,1890,6
204,1100,15,14,12,845.3,4272.45,6
205,1200,7,6,13,749,3150,6
1,150,2,3,4,80.143,441,7
2,156,3,4,4,91.592,441,7
3,160,3,4,5,85.8675,606.375,7
4,163,3,5,5,114.49,496.125,7
5,168,3,4,5,91.592,694.575,7
6,179,4,6,4,137.388,771.75,7
7,184,4,4,5,125.939,716.625,7
8,188,3,4,3,114.49,672.525,7
9,193,4,4,3,137.388,882,7
10,199,3,4,4,103.041,738.675,7
11,200,6,4,7,1030.41,2205,7
12,200,4,4,4,68.694,992.25,7
13,205,4,5,4,114.49,882,7
14,212,5,5,3,125.939,970.2,7
15,220,4,5,3,100.7512,948.15,7
16,221,3,4,3,87.0124,749.7,7
17,229,4,5,3,101.8961,825.7725,7
18,238,5,5,5,125.939,981.225,7
19,241,5,5,4,133.9533,970.2,7
20,246,4,4,4,117.9247,893.025,7
21,249,3,5,4,112.2002,837.9,7
22,250,5,3,2,457.96,1653.75,7
23,250,5,4,5,206.082,992.25,7
24,250,2,3,2,137.388,826.875,7
25,250,4,6,4,148.837,882,7
26,252,5,4,4,162.5758,904.05,7
27,253,5,6,3,169.4452,981.225,7
28,255,4,5,5,125.939,924.9975,7
29,258,3,5,4,117.9247,859.95,7
30,261,4,6,5,129.3737,969.0975,7
31,265,5,3,3,227.8351,1079.3475,7
32,269,3,4,4,124.7941,859.95,7
33,270,4,6,4,137.388,926.1,7
34,273,5,4,4,183.184,1014.3,7
35,278,4,5,4,147.6921,981.225,7
36,282,5,5,4,196.9228,1047.375,7
37,289,4,4,3,147.6921,959.175,7
38,295,5,6,4,125.939,1036.35,7
39,305,4,5,4,116.7798,904.05,7
40,308,5,6,4,160.286,992.25,7
41,310,5,5,3,216.3861,1036.35,7
42,314,6,5,4,366.368,1102.5,7
43,319,5,5,3,145.4023,992.25,7
44,321,6,5,4,343.47,1212.75,7
45,328,4,6,3,114.49,882,7
46,332,6,7,5,320.572,1102.5,7
47,339,5,4,4,137.388,1036.35,7
48,345,7,6,5,457.96,1323,7
49,349,5,6,5,309.123,1058.4,7
50,350,7,3,6,572.45,1543.5,7
51,354,3,4,4,171.735,882,7
52,355,5,5,4,251.878,1212.75,7
53,359,6,5,4,320.572,1367.1,7
54,367,4,6,4,343.47,1157.625,7
55,370,5,7,6,206.082,1323,7
56,370,4,6,7,148.837,1323,7
57,370,5,7,5,354.919,1212.75,7
58,375,7,7,10,457.96,2094.75,7
59,375,7,6,6,457.96,1874.25,7
60,375,4,5,3,572.45,1433.25,7
61,375,3,5,5,572.45,1323,7
62,375,6,7,5,400.715,1433.25,7
63,380,5,8,6,343.47,1267.875,7
64,386,5,7,6,348.0496,1323,7
65,389,4,7,6,286.225,1212.75,7
66,392,7,7,5,572.45,1764,7
67,399,6,8,6,480.858,1543.5,7
68,400,7,11,8,343.47,1874.25,7
69,400,7,6,6,572.45,1764,7
70,400,7,6,6,572.45,1874.25,7
71,400,5,8,7,412.164,1433.25,7
72,410,4,10,8,171.735,1433.25,7
73,410,7,9,6,555.2765,1764,7
74,420,5,8,5,400.715,1543.5,7
75,430,5,8,6,469.409,1653.75,7
76,440,7,9,6,686.94,1874.25,7
77,446,7,7,6,629.695,1929.375,7
78,449,6,6,5,400.715,1708.875,7
79,450,4,7,6,194.633,1433.25,7
80,456,7,6,4,469.409,2016.4725,7
81,460,6,8,6,400.715,1543.5,7
82,467,7,8,6,412.164,1918.35,7
83,470,5,7,5,343.47,1488.375,7
84,476,7,8,5,469.409,2094.75,7
85,480,6,8,7,400.715,1543.5,7
86,483,8,6,5,635.4195,2155.3875,7
87,489,6,8,5,391.5558,1433.25,7
88,492,7,7,5,479.7131,1921.6575,7
89,498,9,8,7,596.4929,2315.25,7
90,500,10,9,8,801.43,3307.5,7
91,500,8,8,10,915.92,2425.5,7
92,500,5,10,7,228.98,1764,7
93,503,5,8,6,343.47,1653.75,7
94,505,7,9,5,435.062,1984.5,7
95,507,7,9,7,491.1621,2083.725,7
96,512,8,8,6,457.96,2039.625,7
97,518,6,8,6,400.715,1587.6,7
98,523,8,9,8,457.96,2205,7
99,532,6,8,7,332.021,1764,7
100,538,5,9,8,309.123,1819.125,7
101,540,6,12,7,686.94,1984.5,7
102,541,8,7,6,457.96,2048.445,7
103,544,6,14,11,343.47,2094.75,7
104,548,6,9,8,366.368,1776.1275,7
105,559,7,6,8,435.062,1962.45,7
106,564,6,8,7,427.0477,1695.645,7
107,570,8,7,8,480.858,1929.375,7
108,577,9,9,7,618.246,2407.86,7
109,582,6,8,8,334.3108,1918.35,7
110,588,4,9,7,240.429,1565.55,7
111,594,7,10,8,435.062,2127.825,7
112,600,7,10,7,400.715,2315.25,7
113,600,7,6,9,858.675,1874.25,7
114,600,5,5,7,549.552,3858.75,7
115,600,5,6,8,286.225,1984.5,7
116,602,3,7,9,206.082,1323,7
117,609,6,8,8,389.266,2006.55,7
118,612,6,9,7,405.2946,1983.3975,7
119,619,8,7,8,424.7579,2116.8,7
120,624,5,10,7,342.3251,1852.2,7
121,628,9,8,8,585.0439,2315.25,7
122,633,7,7,9,447.6559,1996.6275,7
123,640,4,8,9,328.5863,1567.755,7
124,645,9,8,8,662.8971,2535.75,7
125,650,7,6,5,400.715,2392.425,7
126,650,4,14,12,206.082,1984.5,7
127,650,10,9,8,658.3175,2612.925,7
128,655,10,8,9,674.3461,2525.8275,7
129,660,8,9,8,457.96,2195.0775,7
130,666,6,10,8,436.2069,1874.25,7
131,670,5,8,11,973.165,2205,7
132,670,4,7,8,437.3518,1708.875,7
133,677,9,9,7,574.7398,2558.9025,7
134,680,3,10,8,274.776,1256.85,7
135,684,8,11,6,558.7112,2218.23,7
136,690,5,7,7,361.7884,1788.255,7
137,700,5,9,5,629.695,2205,7
138,700,10,8,9,767.083,2646,7
139,709,3,8,9,343.47,1212.75,7
140,712,8,9,9,561.001,2238.075,7
141,720,5,8,8,403.0048,1874.25,7
142,723,9,9,9,528.9438,2608.515,7
143,730,8,10,9,500.3213,2236.9725,7
144,737,9,11,9,578.1745,2626.155,7
145,742,10,10,9,607.9419,2768.3775,7
146,749,11,8,8,667.4767,2978.955,7
147,750,7,6,6,572.45,2370.375,7
148,750,6,9,6,343.47,1323,7
149,756,7,9,9,461.3947,2192.8725,7
150,760,4,8,9,390.4109,1676.9025,7
151,769,4,10,9,447.6559,1775.025,7
152,774,6,9,11,451.0906,2007.6525,7
153,779,8,10,11,583.899,2328.48,7
154,780,4,8,7,457.96,2094.75,7
155,783,3,11,11,206.082,895.23,7
156,789,10,9,11,780.8218,2646,7
157,791,11,10,10,824.328,3107.9475,7
158,799,6,8,11,344.6149,2081.52,7
159,800,7,13,12,572.45,2425.5,7
160,808,8,10,11,444.2212,2216.025,7
161,814,3,9,11,115.6349,1017.6075,7
162,818,9,9,9,675.491,2670.255,7
163,821,6,7,9,469.409,2348.325,7
164,826,5,8,9,451.0906,1997.73,7
165,831,9,9,11,709.838,3009.825,7
166,842,11,10,10,893.022,3505.95,7
167,850,7,8,9,629.695,2548.98,7
168,855,8,9,10,686.94,2535.75,7
169,860,4,8,10,469.409,1686.825,7
170,865,8,7,10,611.3766,2944.7775,7
171,871,9,9,9,610.2317,3139.92,7
172,874,6,15,9,543.8275,2317.455,7
173,880,8,9,10,656.0277,3134.4075,7
174,888,5,17,8,399.5701,2010.96,7
175,894,7,9,8,564.4357,2569.9275,7
176,900,9,6,10,801.43,3858.75,7
177,900,4,14,6,515.205,3307.5,7
178,900,9,9,11,615.9562,3020.85,7
179,907,8,9,11,549.552,2866.5,7
180,913,6,10,11,446.511,2315.25,7
181,920,11,11,11,686.94,3360.42,7
182,928,5,9,12,448.8008,2185.155,7
183,937,7,10,12,583.899,2425.5,7
184,939,9,8,12,595.348,3008.7225,7
185,946,4,12,9,343.47,2061.675,7
186,950,10,11,10,708.6931,3247.965,7
187,955,9,8,9,674.3461,3052.8225,7
188,963,8,15,10,661.7522,2899.575,7
189,970,12,16,10,827.7627,3430.98,7
190,978,6,9,12,526.654,2238.075,7
191,983,5,11,12,389.266,2061.675,7
192,990,8,9,11,543.8275,2568.825,7
193,1000,6,8,8,652.593,2866.5,7
194,1000,9,10,11,559.8561,2723.175,7
195,1024,13,20,9,927.369,4299.75,7
196,1036,8,12,8,540.3928,2701.125,7
197,1045,5,13,10,412.164,2205,7
198,1058,14,18,11,919.3547,4410,7
199,1068,16,15,8,996.063,4608.45,7
200,1076,8,14,10,540.3928,2920.5225,7
201,1088,6,9,10,471.6988,2469.6,7
202,1092,6,15,12,744.185,2866.5,7
203,1097,4,9,12,433.9171,1984.5,7
204,1100,15,14,12,904.471,4486.0725,7
205,1200,7,6,13,801.43,3307.5,7
1,150,2,3,4,82.0173568,446.292,8
2,156,3,4,4,93.73412206,446.292,8
3,160,3,4,5,87.87573943,613.6515,8
4,163,3,5,5,117.1676526,502.0785,8
5,168,3,4,5,93.73412206,702.9099,8
6,179,4,6,4,140.6011831,781.011,8
7,184,4,4,5,128.8844178,725.2245,8
8,188,3,4,3,117.1676526,680.5953,8
9,193,4,4,3,140.6011831,892.584,8
10,199,3,4,4,105.4508873,747.5391,8
11,200,6,4,7,1054.508873,2231.46,8
12,200,4,4,4,70.30059154,1004.157,8
13,205,4,5,4,117.1676526,892.584,8
14,212,5,5,3,128.8844178,981.8424,8
15,220,4,5,3,103.1075343,959.5278,8
16,221,3,4,3,89.04741595,758.6964,8
17,229,4,5,3,104.2792108,835.68177,8
18,238,5,5,5,128.8844178,992.9997,8
19,241,5,5,4,137.0861535,981.8424,8
20,246,4,4,4,120.6826821,903.7413,8
21,249,3,5,4,114.8242995,847.9548,8
22,250,5,3,2,468.6706103,1673.595,8
23,250,5,4,5,210.9017746,1004.157,8
24,250,2,3,2,140.6011831,836.7975,8
25,250,4,6,4,152.3179483,892.584,8
26,252,5,4,4,166.3780667,914.8986,8
27,253,5,6,3,173.4081258,992.9997,8
28,255,4,5,5,128.8844178,936.09747,8
29,258,3,5,4,120.6826821,870.2694,8
30,261,4,6,5,132.3994474,980.72667,8
31,265,5,3,3,233.1636286,1092.29967,8
32,269,3,4,4,127.7127413,870.2694,8
33,270,4,6,4,140.6011831,937.2132,8
34,273,5,4,4,187.4682441,1026.4716,8
35,278,4,5,4,151.1462718,992.9997,8
36,282,5,5,4,201.5283624,1059.9435,8
37,289,4,4,3,151.1462718,970.6851,8
38,295,5,6,4,128.8844178,1048.7862,8
39,305,4,5,4,119.5110056,914.8986,8
40,308,5,6,4,164.0347136,1004.157,8
41,310,5,5,3,221.4468634,1048.7862,8
42,314,6,5,4,374.9364882,1115.73,8
43,319,5,5,3,148.8029188,1004.157,8
44,321,6,5,4,351.5029577,1227.303,8
45,328,4,6,3,117.1676526,892.584,8
46,332,6,7,5,328.0694272,1115.73,8
47,339,5,4,4,140.6011831,1048.7862,8
48,345,7,6,5,468.6706103,1338.876,8
49,349,5,6,5,316.3526619,1071.1008,8
50,350,7,3,6,585.8382629,1562.022,8
51,354,3,4,4,175.7514789,892.584,8
52,355,5,5,4,257.7688357,1227.303,8
53,359,6,5,4,328.0694272,1383.5052,8
54,367,4,6,4,351.5029577,1171.5165,8
55,370,5,7,6,210.9017746,1338.876,8
56,370,4,6,7,152.3179483,1338.876,8
57,370,5,7,5,363.219723,1227.303,8
58,375,7,7,10,468.6706103,2119.887,8
59,375,7,6,6,468.6706103,1896.741,8
60,375,4,5,3,585.8382629,1450.449,8
61,375,3,5,5,585.8382629,1338.876,8
62,375,6,7,5,410.086784,1450.449,8
63,380,5,8,6,351.5029577,1283.0895,8
64,386,5,7,6,356.1896638,1338.876,8
65,389,4,7,6,292.9191314,1227.303,8
66,392,7,7,5,585.8382629,1785.168,8
67,399,6,8,6,492.1041408,1562.022,8
68,400,7,11,8,351.5029577,1896.741,8
69,400,7,6,6,585.8382629,1785.168,8
70,400,7,6,6,585.8382629,1896.741,8
71,400,5,8,7,421.8035493,1450.449,8
72,410,4,10,8,175.7514789,1450.449,8
73,410,7,9,6,568.263115,1785.168,8
74,420,5,8,5,410.086784,1562.022,8
75,430,5,8,6,480.3873755,1673.595,8
76,440,7,9,6,703.0059154,1896.741,8
77,446,7,7,6,644.4220891,1952.5275,8
78,449,6,6,5,410.086784,1729.3815,8
79,450,4,7,6,199.1850094,1450.449,8
80,456,7,6,4,480.3873755,2040.67017,8
81,460,6,8,6,410.086784,1562.022,8
82,467,7,8,6,421.8035493,1941.3702,8
83,470,5,7,5,351.5029577,1506.2355,8
84,476,7,8,5,480.3873755,2119.887,8
85,480,6,8,7,410.086784,1562.022,8
86,483,8,6,5,650.2804718,2181.25215,8
87,489,6,8,5,400.7133718,1450.449,8
88,492,7,7,5,490.9324643,1944.71739,8
89,498,9,8,7,610.4434699,2343.033,8
90,500,10,9,8,820.173568,3347.19,8
91,500,8,8,10,937.3412206,2454.606,8
92,500,5,10,7,234.3353051,1785.168,8
93,503,5,8,6,351.5029577,1673.595,8
94,505,7,9,5,445.2370798,2008.314,8
95,507,7,9,7,502.6492295,2108.7297,8
96,512,8,8,6,468.6706103,2064.1005,8
97,518,6,8,6,410.086784,1606.6512,8
98,523,8,9,8,468.6706103,2231.46,8
99,532,6,8,7,339.7861925,1785.168,8
100,538,5,9,8,316.3526619,1840.9545,8
101,540,6,12,7,703.0059154,2008.314,8
102,541,8,7,6,468.6706103,2073.02634,8
103,544,6,14,11,351.5029577,2119.887,8
104,548,6,9,8,374.9364882,1797.44103,8
105,559,7,6,8,445.2370798,1985.9994,8
106,564,6,8,7,437.0353441,1715.99274,8
107,570,8,7,8,492.1041408,1952.5275,8
108,577,9,9,7,632.7053239,2436.75432,8
109,582,6,8,8,342.1295455,1941.3702,8
110,588,4,9,7,246.0520704,1584.3366,8
111,594,7,10,8,445.2370798,2153.3589,8
112,600,7,10,7,410.086784,2343.033,8
113,600,7,6,9,878.7573943,1896.741,8
114,600,5,5,7,562.4047323,3905.055,8
115,600,5,6,8,292.9191314,2008.314,8
116,602,3,7,9,210.9017746,1338.876,8
117,609,6,8,8,398.3700187,2030.6286,8
118,612,6,9,7,414.7734901,2007.19827,8
119,619,8,7,8,434.691991,2142.2016,8
120,624,5,10,7,350.3312812,1874.4264,8
121,628,9,8,8,598.7267046,2343.033,8
122,633,7,7,9,458.1255216,2020.58703,8
123,640,4,8,9,336.2711629,1586.56806,8
124,645,9,8,8,678.4007084,2566.179,8
125,650,7,6,5,410.086784,2421.1341,8
126,650,4,14,12,210.9017746,2008.314,8
127,650,10,9,8,673.7140023,2644.2801,8
128,655,10,8,9,690.1174736,2556.13743,8
129,660,8,9,8,468.6706103,2221.41843,8
130,666,6,10,8,446.4087563,1896.741,8
131,670,5,8,11,995.9250469,2231.46,8
132,670,4,7,8,447.5804328,1729.3815,8
133,677,9,9,7,588.1816159,2589.60933,8
134,680,3,10,8,281.2023662,1271.9322,8
135,684,8,11,6,571.7781445,2244.84876,8
136,690,5,7,7,370.2497821,1809.71406,8
137,700,5,9,5,644.4220891,2231.46,8
138,700,10,8,9,785.0232722,2677.752,8
139,709,3,8,9,351.5029577,1227.303,8
140,712,8,9,9,574.1214976,2264.9319,8
141,720,5,8,8,412.4301371,1896.741,8
142,723,9,9,9,541.3145549,2639.81718,8
143,730,8,10,9,512.0226417,2263.81617,8
144,737,9,11,9,591.6966455,2657.66886,8
145,742,10,10,9,622.1602352,2801.59803,8
146,749,11,8,8,683.0874145,3014.70246,8
147,750,7,6,6,585.8382629,2398.8195,8
148,750,6,9,6,351.5029577,1338.876,8
149,756,7,9,9,472.1856399,2219.18697,8
150,760,4,8,9,399.5416953,1697.02533,8
151,769,4,10,9,458.1255216,1796.3253,8
152,774,6,9,11,461.6405511,2031.74433,8
153,779,8,10,11,597.5550281,2356.42176,8
154,780,4,8,7,468.6706103,2119.887,8
155,783,3,11,11,210.9017746,905.97276,8
156,789,10,9,11,799.0833905,2677.752,8
157,791,11,10,10,843.6070985,3145.24287,8
158,799,6,8,11,352.6746342,2106.49824,8
159,800,7,13,12,585.8382629,2454.606,8
160,808,8,10,11,454.610492,2242.6173,8
161,814,3,9,11,118.3393291,1029.81879,8
162,818,9,9,9,691.2891502,2702.29806,8
163,821,6,7,9,480.3873755,2376.5049,8
164,826,5,8,9,461.6405511,2021.70276,8
165,831,9,9,11,726.4394459,3045.9429,8
166,842,11,10,10,913.9076901,3548.0214,8
167,850,7,8,9,644.4220891,2579.56776,8
168,855,8,9,10,703.0059154,2566.179,8
169,860,4,8,10,480.3873755,1707.0669,8
170,865,8,7,10,625.6752647,2980.11483,8
171,871,9,9,9,624.5035882,3177.59904,8
172,874,6,15,9,556.5463497,2345.26446,8
173,880,8,9,10,671.3706492,3172.02039,8
174,888,5,17,8,408.9151075,2035.09152,8
175,894,7,9,8,577.6365272,2600.76663,8
176,900,9,6,10,820.173568,3905.055,8
177,900,4,14,6,527.2544366,3347.19,8
178,900,9,9,11,630.3619708,3057.1002,8
179,907,8,9,11,562.4047323,2900.898,8
180,913,6,10,11,456.953845,2343.033,8
181,920,11,11,11,703.0059154,3400.74504,8
182,928,5,9,12,459.2971981,2211.37686,8
183,937,7,10,12,597.5550281,2454.606,8
184,939,9,8,12,609.2717934,3044.82717,8
185,946,4,12,9,351.5029577,2086.4151,8
186,950,10,11,10,725.2677694,3286.94058,8
187,955,9,8,9,690.1174736,3089.45637,8
188,963,8,15,10,677.2290319,2934.3699,8
189,970,12,16,10,847.1221281,3472.15176,8
190,978,6,9,12,538.9712018,2264.9319,8
191,983,5,11,12,398.3700187,2086.4151,8
192,990,8,9,11,556.5463497,2599.6509,8
193,1000,6,8,8,667.8556197,2900.898,8
194,1000,9,10,11,572.9498211,2755.8531,8
195,1024,13,20,9,949.0579858,4351.347,8
196,1036,8,12,8,553.0313201,2733.5385,8
197,1045,5,13,10,421.8035493,2231.46,8
198,1058,14,18,11,940.8562501,4462.92,8
199,1068,16,15,8,1019.358577,4663.7514,8
200,1076,8,14,10,553.0313201,2955.56877,8
201,1088,6,9,10,482.7307286,2499.2352,8
202,1092,6,15,12,761.5897417,2900.898,8
203,1097,4,9,12,444.0654032,2008.314,8
204,1100,15,14,12,925.6244553,4539.90537,8
205,1200,7,6,13,820.173568,3347.19,8
1,150,2,3,4,73.81562112,405.72,9
2,156,3,4,4,84.36070985,405.72,9
3,160,3,4,5,79.08816549,557.865,9
4,163,3,5,5,105.4508873,456.435,9
5,168,3,4,5,84.36070985,639.009,9
6,179,4,6,4,126.5410648,710.01,9
7,184,4,4,5,115.995976,659.295,9
8,188,3,4,3,105.4508873,618.723,9
9,193,4,4,3,126.5410648,811.44,9
10,199,3,4,4,94.90579858,679.581,9
11,200,6,4,7,949.0579858,2028.6,9
12,200,4,4,4,63.27053239,912.87,9
13,205,4,5,4,105.4508873,811.44,9
14,212,5,5,3,115.995976,892.584,9
15,220,4,5,3,92.79678084,872.298,9
16,221,3,4,3,80.14267436,689.724,9
17,229,4,5,3,93.85128971,759.7107,9
18,238,5,5,5,115.995976,902.727,9
19,241,5,5,4,123.3775382,892.584,9
20,246,4,4,4,108.6144139,821.583,9
21,249,3,5,4,103.3418696,770.868,9
22,250,5,3,2,421.8035493,1521.45,9
23,250,5,4,5,189.8115972,912.87,9
24,250,2,3,2,126.5410648,760.725,9
25,250,4,6,4,137.0861535,811.44,9
26,252,5,4,4,149.74026,831.726,9
27,253,5,6,3,156.0673132,902.727,9
28,255,4,5,5,115.995976,850.9977,9
29,258,3,5,4,108.6144139,791.154,9
30,261,4,6,5,119.1595027,891.5697,9
31,265,5,3,3,209.8472658,992.9997,9
32,269,3,4,4,114.9414672,791.154,9
33,270,4,6,4,126.5410648,852.012,9
34,273,5,4,4,168.7214197,933.156,9
35,278,4,5,4,136.0316446,902.727,9
36,282,5,5,4,181.3755262,963.585,9
37,289,4,4,3,136.0316446,882.441,9
38,295,5,6,4,115.995976,953.442,9
39,305,4,5,4,107.5599051,831.726,9
40,308,5,6,4,147.6312422,912.87,9
41,310,5,5,3,199.302177,953.442,9
42,314,6,5,4,337.4428394,1014.3,9
43,319,5,5,3,133.9226269,912.87,9
44,321,6,5,4,316.3526619,1115.73,9
45,328,4,6,3,105.4508873,811.44,9
46,332,6,7,5,295.2624845,1014.3,9
47,339,5,4,4,126.5410648,953.442,9
48,345,7,6,5,421.8035493,1217.16,9
49,349,5,6,5,284.7173957,973.728,9
50,350,7,3,6,527.2544366,1420.02,9
51,354,3,4,4,158.176331,811.44,9
52,355,5,5,4,231.9919521,1115.73,9
53,359,6,5,4,295.2624845,1257.732,9
54,367,4,6,4,316.3526619,1065.015,9
55,370,5,7,6,189.8115972,1217.16,9
56,370,4,6,7,137.0861535,1217.16,9
57,370,5,7,5,326.8977507,1115.73,9
58,375,7,7,10,421.8035493,1927.17,9
59,375,7,6,6,421.8035493,1724.31,9
60,375,4,5,3,527.2544366,1318.59,9
61,375,3,5,5,527.2544366,1217.16,9
62,375,6,7,5,369.0781056,1318.59,9
63,380,5,8,6,316.3526619,1166.445,9
64,386,5,7,6,320.5706974,1217.16,9
65,389,4,7,6,263.6272183,1115.73,9
66,392,7,7,5,527.2544366,1622.88,9
67,399,6,8,6,442.8937267,1420.02,9
68,400,7,11,8,316.3526619,1724.31,9
69,400,7,6,6,527.2544366,1622.88,9
70,400,7,6,6,527.2544366,1724.31,9
71,400,5,8,7,379.6231943,1318.59,9
72,410,4,10,8,158.176331,1318.59,9
73,410,7,9,6,511.4368035,1622.88,9
74,420,5,8,5,369.0781056,1420.02,9
75,430,5,8,6,432.348638,1521.45,9
76,440,7,9,6,632.7053239,1724.31,9
77,446,7,7,6,579.9798802,1775.025,9
78,449,6,6,5,369.0781056,1572.165,9
79,450,4,7,6,179.2665084,1318.59,9
80,456,7,6,4,432.348638,1855.1547,9
81,460,6,8,6,369.0781056,1420.02,9
82,467,7,8,6,379.6231943,1764.882,9
83,470,5,7,5,316.3526619,1369.305,9
84,476,7,8,5,432.348638,1927.17,9
85,480,6,8,7,369.0781056,1420.02,9
86,483,8,6,5,585.2524246,1982.9565,9
87,489,6,8,5,360.6420346,1318.59,9
88,492,7,7,5,441.8392178,1767.9249,9
89,498,9,8,7,549.3991229,2130.03,9
90,500,10,9,8,738.1562112,3042.9,9
91,500,8,8,10,843.6070985,2231.46,9
92,500,5,10,7,210.9017746,1622.88,9
93,503,5,8,6,316.3526619,1521.45,9
94,505,7,9,5,400.7133718,1825.74,9
95,507,7,9,7,452.3843066,1917.027,9
96,512,8,8,6,421.8035493,1876.455,9
97,518,6,8,6,369.0781056,1460.592,9
98,523,8,9,8,421.8035493,2028.6,9
99,532,6,8,7,305.8075732,1622.88,9
100,538,5,9,8,284.7173957,1673.595,9
101,540,6,12,7,632.7053239,1825.74,9
102,541,8,7,6,421.8035493,1884.5694,9
103,544,6,14,11,316.3526619,1927.17,9
104,548,6,9,8,337.4428394,1634.0373,9
105,559,7,6,8,400.7133718,1805.454,9
106,564,6,8,7,393.3318097,1559.9934,9
107,570,8,7,8,442.8937267,1775.025,9
108,577,9,9,7,569.4347915,2215.2312,9
109,582,6,8,8,307.916591,1764.882,9
110,588,4,9,7,221.4468634,1440.306,9
111,594,7,10,8,400.7133718,1957.599,9
112,600,7,10,7,369.0781056,2130.03,9
113,600,7,6,9,790.8816549,1724.31,9
114,600,5,5,7,506.1642591,3550.05,9
115,600,5,6,8,263.6272183,1825.74,9
116,602,3,7,9,189.8115972,1217.16,9
117,609,6,8,8,358.5330169,1846.026,9
118,612,6,9,7,373.2961411,1824.7257,9
119,619,8,7,8,391.2227919,1947.456,9
120,624,5,10,7,315.2981531,1704.024,9
121,628,9,8,8,538.8540342,2130.03,9
122,633,7,7,9,412.3129694,1836.8973,9
123,640,4,8,9,302.6440466,1442.3346,9
124,645,9,8,8,610.5606375,2332.89,9
125,650,7,6,5,369.0781056,2201.031,9
126,650,4,14,12,189.8115972,1825.74,9
127,650,10,9,8,606.3426021,2403.891,9
128,655,10,8,9,621.1057263,2323.7613,9
129,660,8,9,8,421.8035493,2019.4713,9
130,666,6,10,8,401.7678807,1724.31,9
131,670,5,8,11,896.3325422,2028.6,9
132,670,4,7,8,402.8223895,1572.165,9
133,677,9,9,7,529.3634543,2354.1903,9
134,680,3,10,8,253.0821296,1156.302,9
135,684,8,11,6,514.6003301,2040.7716,9
136,690,5,7,7,333.2248039,1645.1946,9
137,700,5,9,5,579.9798802,2028.6,9
138,700,10,8,9,706.520945,2434.32,9
139,709,3,8,9,316.3526619,1115.73,9
140,712,8,9,9,516.7093478,2059.029,9
141,720,5,8,8,371.1871233,1724.31,9
142,723,9,9,9,487.1830994,2399.8338,9
143,730,8,10,9,460.8203776,2058.0147,9
144,737,9,11,9,532.5269809,2416.0626,9
145,742,10,10,9,559.9442116,2546.9073,9
146,749,11,8,8,614.778673,2740.6386,9
147,750,7,6,6,527.2544366,2180.745,9
148,750,6,9,6,316.3526619,1217.16,9
149,756,7,9,9,424.9670759,2017.4427,9
150,760,4,8,9,359.5875257,1542.7503,9
151,769,4,10,9,412.3129694,1633.023,9
152,774,6,9,11,415.476496,1847.0403,9
153,779,8,10,11,537.7995253,2142.2016,9
154,780,4,8,7,421.8035493,1927.17,9
155,783,3,11,11,189.8115972,823.6116,9
156,789,10,9,11,719.1750515,2434.32,9
157,791,11,10,10,759.2463887,2859.3117,9
158,799,6,8,11,317.4071708,1914.9984,9
159,800,7,13,12,527.2544366,2231.46,9
160,808,8,10,11,409.1494428,2038.743,9
161,814,3,9,11,106.5053962,936.1989,9
162,818,9,9,9,622.1602352,2456.6346,9
163,821,6,7,9,432.348638,2160.459,9
164,826,5,8,9,415.476496,1837.9116,9
165,831,9,9,11,653.7955013,2769.039,9
166,842,11,10,10,822.5169211,3225.474,9
167,850,7,8,9,579.9798802,2345.0616,9
168,855,8,9,10,632.7053239,2332.89,9
169,860,4,8,10,432.348638,1551.879,9
170,865,8,7,10,563.1077383,2709.1953,9
171,871,9,9,9,562.0532294,2888.7264,9
172,874,6,15,9,500.8917147,2132.0586,9
173,880,8,9,10,604.2335843,2883.6549,9
174,888,5,17,8,368.0235967,1850.0832,9
175,894,7,9,8,519.8728745,2364.3333,9
176,900,9,6,10,738.1562112,3550.05,9
177,900,4,14,6,474.5289929,3042.9,9
178,900,9,9,11,567.3257738,2779.182,9
179,907,8,9,11,506.1642591,2637.18,9
180,913,6,10,11,411.2584605,2130.03,9
181,920,11,11,11,632.7053239,3091.5864,9
182,928,5,9,12,413.3674783,2010.3426,9
183,937,7,10,12,537.7995253,2231.46,9
184,939,9,8,12,548.344614,2768.0247,9
185,946,4,12,9,316.3526619,1896.741,9
186,950,10,11,10,652.7409925,2988.1278,9
187,955,9,8,9,621.1057263,2808.5967,9
188,963,8,15,10,609.5061287,2667.609,9
189,970,12,16,10,762.4099153,3156.5016,9
190,978,6,9,12,485.0740816,2059.029,9
191,983,5,11,12,358.5330169,1896.741,9
192,990,8,9,11,500.8917147,2363.319,9
193,1000,6,8,8,601.0700577,2637.18,9
194,1000,9,10,11,515.654839,2505.321,9
195,1024,13,20,9,854.1521872,3955.77,9
196,1036,8,12,8,497.7281881,2485.035,9
197,1045,5,13,10,379.6231943,2028.6,9
198,1058,14,18,11,846.7706251,4057.2,9
199,1068,16,15,8,917.4227196,4239.774,9
200,1076,8,14,10,497.7281881,2686.8807,9
201,1088,6,9,10,434.4576557,2272.032,9
202,1092,6,15,12,685.4307675,2637.18,9
203,1097,4,9,12,399.6588629,1825.74,9
204,1100,15,14,12,833.0620098,4127.1867,9
205,1200,7,6,13,738.1562112,3042.9,9
1,150,2,3,4,61.26696553,355.005,10
2,156,3,4,4,70.01938918,355.005,10
3,160,3,4,5,65.64317735,488.131875,10
4,163,3,5,5,87.52423647,399.380625,10
5,168,3,4,5,70.01938918,559.132875,10
6,179,4,6,4,105.0290838,621.25875,10
7,184,4,4,5,96.27666012,576.883125,10
8,188,3,4,3,87.52423647,541.382625,10
9,193,4,4,3,105.0290838,710.01,10
10,199,3,4,4,78.77181282,594.633375,10
11,200,6,4,7,787.7181282,1775.025,10
12,200,4,4,4,52.51454188,798.76125,10
13,205,4,5,4,87.52423647,710.01,10
14,212,5,5,3,96.27666012,781.011,10
15,220,4,5,3,77.02132809,763.26075,10
16,221,3,4,3,66.51841972,603.5085,10
17,229,4,5,3,77.89657046,664.7468625,10
18,238,5,5,5,96.27666012,789.886125,10
19,241,5,5,4,102.4033567,781.011,10
20,246,4,4,4,90.14996357,718.885125,10
21,249,3,5,4,85.77375174,674.5095,10
22,250,5,3,2,350.0969459,1331.26875,10
23,250,5,4,5,157.5436256,798.76125,10
24,250,2,3,2,105.0290838,665.634375,10
25,250,4,6,4,113.7815074,710.01,10
26,252,5,4,4,124.2844158,727.76025,10
27,253,5,6,3,129.53587,789.886125,10
28,255,4,5,5,96.27666012,744.6229875,10
29,258,3,5,4,90.14996357,692.25975,10
30,261,4,6,5,98.90238721,780.1234875,10
31,265,5,3,3,174.1732306,868.8747375,10
32,269,3,4,4,95.40141775,692.25975,10
33,270,4,6,4,105.0290838,745.5105,10
34,273,5,4,4,140.0387784,816.5115,10
35,278,4,5,4,112.906265,789.886125,10
36,282,5,5,4,150.5416867,843.136875,10
37,289,4,4,3,112.906265,772.135875,10
38,295,5,6,4,96.27666012,834.26175,10
39,305,4,5,4,89.2747212,727.76025,10
40,308,5,6,4,122.5339311,798.76125,10
41,310,5,5,3,165.4208069,834.26175,10
42,314,6,5,4,280.0775567,887.5125,10
43,319,5,5,3,111.1557803,798.76125,10
44,321,6,5,4,262.5727094,976.26375,10
45,328,4,6,3,87.52423647,710.01,10
46,332,6,7,5,245.0678621,887.5125,10
47,339,5,4,4,105.0290838,834.26175,10
48,345,7,6,5,350.0969459,1065.015,10
49,349,5,6,5,236.3154385,852.012,10
50,350,7,3,6,437.6211824,1242.5175,10
51,354,3,4,4,131.2863547,710.01,10
52,355,5,5,4,192.5533202,976.26375,10
53,359,6,5,4,245.0678621,1100.5155,10
54,367,4,6,4,262.5727094,931.888125,10
55,370,5,7,6,157.5436256,1065.015,10
56,370,4,6,7,113.7815074,1065.015,10
57,370,5,7,5,271.3251331,976.26375,10
58,375,7,7,10,350.0969459,1686.27375,10
59,375,7,6,6,350.0969459,1508.77125,10
60,375,4,5,3,437.6211824,1153.76625,10
61,375,3,5,5,437.6211824,1065.015,10
62,375,6,7,5,306.3348276,1153.76625,10
63,380,5,8,6,262.5727094,1020.639375,10
64,386,5,7,6,266.0736789,1065.015,10
65,389,4,7,6,218.8105912,976.26375,10
66,392,7,7,5,437.6211824,1420.02,10
67,399,6,8,6,367.6017932,1242.5175,10
68,400,7,11,8,262.5727094,1508.77125,10
69,400,7,6,6,437.6211824,1420.02,10
70,400,7,6,6,437.6211824,1508.77125,10
71,400,5,8,7,315.0872513,1153.76625,10
72,410,4,10,8,131.2863547,1153.76625,10
73,410,7,9,6,424.4925469,1420.02,10
74,420,5,8,5,306.3348276,1242.5175,10
75,430,5,8,6,358.8493695,1331.26875,10
76,440,7,9,6,525.1454188,1508.77125,10
77,446,7,7,6,481.3833006,1553.146875,10
78,449,6,6,5,306.3348276,1375.644375,10
79,450,4,7,6,148.791202,1153.76625,10
80,456,7,6,4,358.8493695,1623.260363,10
81,460,6,8,6,306.3348276,1242.5175,10
82,467,7,8,6,315.0872513,1544.27175,10
83,470,5,7,5,262.5727094,1198.141875,10
84,476,7,8,5,358.8493695,1686.27375,10
85,480,6,8,7,306.3348276,1242.5175,10
86,483,8,6,5,485.7595124,1735.086938,10
87,489,6,8,5,299.3328887,1153.76625,10
88,492,7,7,5,366.7265508,1546.934288,10
89,498,9,8,7,456.001272,1863.77625,10
90,500,10,9,8,612.6696553,2662.5375,10
91,500,8,8,10,700.1938918,1952.5275,10
92,500,5,10,7,175.0484729,1420.02,10
93,503,5,8,6,262.5727094,1331.26875,10
94,505,7,9,5,332.5920986,1597.5225,10
95,507,7,9,7,375.4789745,1677.398625,10
96,512,8,8,6,350.0969459,1641.898125,10
97,518,6,8,6,306.3348276,1278.018,10
98,523,8,9,8,350.0969459,1775.025,10
99,532,6,8,7,253.8202858,1420.02,10
100,538,5,9,8,236.3154385,1464.395625,10
101,540,6,12,7,525.1454188,1597.5225,10
102,541,8,7,6,350.0969459,1648.998225,10
103,544,6,14,11,262.5727094,1686.27375,10
104,548,6,9,8,280.0775567,1429.782638,10
105,559,7,6,8,332.5920986,1579.77225,10
106,564,6,8,7,326.465402,1364.994225,10
107,570,8,7,8,367.6017932,1553.146875,10
108,577,9,9,7,472.6308769,1938.3273,10
109,582,6,8,8,255.5707705,1544.27175,10
110,588,4,9,7,183.8008966,1260.26775,10
111,594,7,10,8,332.5920986,1712.899125,10
112,600,7,10,7,306.3348276,1863.77625,10
113,600,7,6,9,656.4317735,1508.77125,10
114,600,5,5,7,420.1163351,3106.29375,10
115,600,5,6,8,218.8105912,1597.5225,10
116,602,3,7,9,157.5436256,1065.015,10
117,609,6,8,8,297.582404,1615.27275,10
118,612,6,9,7,309.8357971,1596.634988,10
119,619,8,7,8,324.7149173,1704.024,10
120,624,5,10,7,261.697467,1491.021,10
121,628,9,8,8,447.2488484,1863.77625,10
122,633,7,7,9,342.2197646,1607.285138,10
123,640,4,8,9,251.1945587,1262.042775,10
124,645,9,8,8,506.7653292,2041.27875,10
125,650,7,6,5,306.3348276,1925.902125,10
126,650,4,14,12,157.5436256,1597.5225,10
127,650,10,9,8,503.2643597,2103.404625,10
128,655,10,8,9,515.5177528,2033.291138,10
129,660,8,9,8,350.0969459,1767.037388,10
130,666,6,10,8,333.467341,1508.77125,10
131,670,5,8,11,743.95601,1775.025,10
132,670,4,7,8,334.3425833,1375.644375,10
133,677,9,9,7,439.3716671,2059.916513,10
134,680,3,10,8,210.0581675,1011.76425,10
135,684,8,11,6,427.118274,1785.67515,10
136,690,5,7,7,276.5765872,1439.545275,10
137,700,5,9,5,481.3833006,1775.025,10
138,700,10,8,9,586.4123844,2130.03,10
139,709,3,8,9,262.5727094,976.26375,10
140,712,8,9,9,428.8687587,1801.650375,10
141,720,5,8,8,308.0853124,1508.77125,10
142,723,9,9,9,404.3619725,2099.854575,10
143,730,8,10,9,382.4809134,1800.762863,10
144,737,9,11,9,441.9973942,2114.054775,10
145,742,10,10,9,464.7536957,2228.543888,10
146,749,11,8,8,510.2662986,2398.058775,10
147,750,7,6,6,437.6211824,1908.151875,10
148,750,6,9,6,262.5727094,1065.015,10
149,756,7,9,9,352.722673,1765.262363,10
150,760,4,8,9,298.4576464,1349.906513,10
151,769,4,10,9,342.2197646,1428.895125,10
152,774,6,9,11,344.8454917,1616.160263,10
153,779,8,10,11,446.373606,1874.4264,10
154,780,4,8,7,350.0969459,1686.27375,10
155,783,3,11,11,157.5436256,720.66015,10
156,789,10,9,11,596.9152927,2130.03,10
157,791,11,10,10,630.1745026,2501.897738,10
158,799,6,8,11,263.4479518,1675.6236,10
159,800,7,13,12,437.6211824,1952.5275,10
160,808,8,10,11,339.5940375,1783.900125,10
161,814,3,9,11,88.39947884,819.1740375,10
162,818,9,9,9,516.3929952,2149.555275,10
163,821,6,7,9,358.8493695,1890.401625,10
164,826,5,8,9,344.8454917,1608.17265,10
165,831,9,9,11,542.6502661,2422.909125,10
166,842,11,10,10,682.6890445,2822.28975,10
167,850,7,8,9,481.3833006,2051.9289,10
168,855,8,9,10,525.1454188,2041.27875,10
169,860,4,8,10,358.8493695,1357.894125,10
170,865,8,7,10,467.3794228,2370.545888,10
171,871,9,9,9,466.5041804,2527.6356,10
172,874,6,15,9,415.7401232,1865.551275,10
173,880,8,9,10,501.513875,2523.198038,10
174,888,5,17,8,305.4595853,1618.8228,10
175,894,7,9,8,431.4944858,2068.791638,10
176,900,9,6,10,612.6696553,3106.29375,10
177,900,4,14,6,393.8590641,2662.5375,10
178,900,9,9,11,470.8803922,2431.78425,10
179,907,8,9,11,420.1163351,2307.5325,10
180,913,6,10,11,341.3445222,1863.77625,10
181,920,11,11,11,525.1454188,2705.1381,10
182,928,5,9,12,343.095007,1759.049775,10
183,937,7,10,12,446.373606,1952.5275,10
184,939,9,8,12,455.1260296,2422.021613,10
185,946,4,12,9,262.5727094,1659.648375,10
186,950,10,11,10,541.7750238,2614.611825,10
187,955,9,8,9,515.5177528,2457.522113,10
188,963,8,15,10,505.8900868,2334.157875,10
189,970,12,16,10,632.8002297,2761.9389,10
190,978,6,9,12,402.6114878,1801.650375,10
191,983,5,11,12,297.582404,1659.648375,10
192,990,8,9,11,415.7401232,2067.904125,10
193,1000,6,8,8,498.8881479,2307.5325,10
194,1000,9,10,11,427.9935163,2192.155875,10
195,1024,13,20,9,708.9463154,3461.29875,10
196,1036,8,12,8,413.1143961,2174.405625,10
197,1045,5,13,10,315.0872513,1775.025,10
198,1058,14,18,11,702.8196189,3550.05,10
199,1068,16,15,8,761.4608573,3709.80225,10
200,1076,8,14,10,413.1143961,2351.020613,10
201,1088,6,9,10,360.5998543,1988.028,10
202,1092,6,15,12,568.9075371,2307.5325,10
203,1097,4,9,12,331.7168562,1597.5225,10
204,1100,15,14,12,691.4414681,3611.288363,10
205,1200,7,6,13,612.6696553,2662.5375,10
1,150,2,3,4,55.75293863,284.004,11
2,156,3,4,4,63.71764415,284.004,11
3,160,3,4,5,59.73529139,390.5055,11
4,163,3,5,5,79.64705519,319.5045,11
5,168,3,4,5,63.71764415,447.3063,11
6,179,4,6,4,95.57646623,497.007,11
7,184,4,4,5,87.61176071,461.5065,11
8,188,3,4,3,79.64705519,433.1061,11
9,193,4,4,3,95.57646623,568.008,11
10,199,3,4,4,71.68234967,475.7067,11
11,200,6,4,7,716.8234967,1420.02,11
12,200,4,4,4,47.78823311,639.009,11
13,205,4,5,4,79.64705519,568.008,11
14,212,5,5,3,87.61176071,624.8088,11
15,220,4,5,3,70.08940857,610.6086,11
16,221,3,4,3,60.53176194,482.8068,11
17,229,4,5,3,70.88587912,531.79749,11
18,238,5,5,5,87.61176071,631.9089,11
19,241,5,5,4,93.18705457,624.8088,11
20,246,4,4,4,82.03646684,575.1081,11
21,249,3,5,4,78.05411408,539.6076,11
22,250,5,3,2,318.5882208,1065.015,11
23,250,5,4,5,143.3646993,639.009,11
24,250,2,3,2,95.57646623,532.5075,11
25,250,4,6,4,103.5411717,568.008,11
26,252,5,4,4,113.0988184,582.2082,11
27,253,5,6,3,117.8776417,631.9089,11
28,255,4,5,5,87.61176071,595.69839,11
29,258,3,5,4,82.03646684,553.8078,11
30,261,4,6,5,90.00117236,624.09879,11
31,265,5,3,3,158.4976398,695.09979,11
32,269,3,4,4,86.81529016,553.8078,11
33,270,4,6,4,95.57646623,596.4084,11
34,273,5,4,4,127.4352883,653.2092,11
35,278,4,5,4,102.7447012,631.9089,11
36,282,5,5,4,136.9929349,674.5095,11
37,289,4,4,3,102.7447012,617.7087,11
38,295,5,6,4,87.61176071,667.4094,11
39,305,4,5,4,81.23999629,582.2082,11
40,308,5,6,4,111.5058773,639.009,11
41,310,5,5,3,150.5329343,667.4094,11
42,314,6,5,4,254.8705766,710.01,11
43,319,5,5,3,101.1517601,639.009,11
44,321,6,5,4,238.9411656,781.011,11
45,328,4,6,3,79.64705519,568.008,11
46,332,6,7,5,223.0117545,710.01,11
47,339,5,4,4,95.57646623,667.4094,11
48,345,7,6,5,318.5882208,852.012,11
49,349,5,6,5,215.047049,681.6096,11
50,350,7,3,6,398.2352759,994.014,11
51,354,3,4,4,119.4705828,568.008,11
52,355,5,5,4,175.2235214,781.011,11
53,359,6,5,4,223.0117545,880.4124,11
54,367,4,6,4,238.9411656,745.5105,11
55,370,5,7,6,143.3646993,852.012,11
56,370,4,6,7,103.5411717,852.012,11
57,370,5,7,5,246.9058711,781.011,11
58,375,7,7,10,318.5882208,1349.019,11
59,375,7,6,6,318.5882208,1207.017,11
60,375,4,5,3,398.2352759,923.013,11
61,375,3,5,5,398.2352759,852.012,11
62,375,6,7,5,278.7646932,923.013,11
63,380,5,8,6,238.9411656,816.5115,11
64,386,5,7,6,242.1270478,852.012,11
65,389,4,7,6,199.117638,781.011,11
66,392,7,7,5,398.2352759,1136.016,11
67,399,6,8,6,334.5176318,994.014,11
68,400,7,11,8,238.9411656,1207.017,11
69,400,7,6,6,398.2352759,1136.016,11
70,400,7,6,6,398.2352759,1207.017,11
71,400,5,8,7,286.7293987,923.013,11
72,410,4,10,8,119.4705828,923.013,11
73,410,7,9,6,386.2882177,1136.016,11
74,420,5,8,5,278.7646932,994.014,11
75,430,5,8,6,326.5529263,1065.015,11
76,440,7,9,6,477.8823311,1207.017,11
77,446,7,7,6,438.0588035,1242.5175,11
78,449,6,6,5,278.7646932,1100.5155,11
79,450,4,7,6,135.3999938,923.013,11
80,456,7,6,4,326.5529263,1298.60829,11
81,460,6,8,6,278.7646932,994.014,11
82,467,7,8,6,286.7293987,1235.4174,11
83,470,5,7,5,238.9411656,958.5135,11
84,476,7,8,5,326.5529263,1349.019,11
85,480,6,8,7,278.7646932,994.014,11
86,483,8,6,5,442.0411563,1388.06955,11
87,489,6,8,5,272.3929287,923.013,11
88,492,7,7,5,333.7211612,1237.54743,11
89,498,9,8,7,414.9611575,1491.021,11
90,500,10,9,8,557.5293863,2130.03,11
91,500,8,8,10,637.1764415,1562.022,11
92,500,5,10,7,159.2941104,1136.016,11
93,503,5,8,6,238.9411656,1065.015,11
94,505,7,9,5,302.6588097,1278.018,11
95,507,7,9,7,341.6858668,1341.9189,11
96,512,8,8,6,318.5882208,1313.5185,11
97,518,6,8,6,278.7646932,1022.4144,11
98,523,8,9,8,318.5882208,1420.02,11
99,532,6,8,7,230.97646,1136.016,11
100,538,5,9,8,215.047049,1171.5165,11
101,540,6,12,7,477.8823311,1278.018,11
102,541,8,7,6,318.5882208,1319.19858,11
103,544,6,14,11,238.9411656,1349.019,11
104,548,6,9,8,254.8705766,1143.82611,11
105,559,7,6,8,302.6588097,1263.8178,11
106,564,6,8,7,297.0835159,1091.99538,11
107,570,8,7,8,334.5176318,1242.5175,11
108,577,9,9,7,430.094098,1550.66184,11
109,582,6,8,8,232.5694012,1235.4174,11
110,588,4,9,7,167.2588159,1008.2142,11
111,594,7,10,8,302.6588097,1370.3193,11
112,600,7,10,7,278.7646932,1491.021,11
113,600,7,6,9,597.3529139,1207.017,11
114,600,5,5,7,382.3058649,2485.035,11
115,600,5,6,8,199.117638,1278.018,11
116,602,3,7,9,143.3646993,852.012,11
117,609,6,8,8,270.7999876,1292.2182,11
118,612,6,9,7,281.9505754,1277.30799,11
119,619,8,7,8,295.4905747,1363.2192,11
120,624,5,10,7,238.144695,1192.8168,11
121,628,9,8,8,406.996452,1491.021,11
122,633,7,7,9,311.4199858,1285.82811,11
123,640,4,8,9,228.5870484,1009.63422,11
124,645,9,8,8,461.1564495,1633.023,11
125,650,7,6,5,278.7646932,1540.7217,11
126,650,4,14,12,143.3646993,1278.018,11
127,650,10,9,8,457.9705673,1682.7237,11
128,655,10,8,9,469.1211551,1626.63291,11
129,660,8,9,8,318.5882208,1413.62991,11
130,666,6,10,8,303.4552803,1207.017,11
131,670,5,8,11,676.9999691,1420.02,11
132,670,4,7,8,304.2517508,1100.5155,11
133,677,9,9,7,399.828217,1647.93321,11
134,680,3,10,8,191.1529325,809.4114,11
135,684,8,11,6,388.6776293,1428.54012,11
136,690,5,7,7,251.6846944,1151.63622,11
137,700,5,9,5,438.0588035,1420.02,11
138,700,10,8,9,533.6352698,1704.024,11
139,709,3,8,9,238.9411656,781.011,11
140,712,8,9,9,390.2705704,1441.3203,11
141,720,5,8,8,280.3576343,1207.017,11
142,723,9,9,9,367.969395,1679.88366,11
143,730,8,10,9,348.0576312,1440.61029,11
144,737,9,11,9,402.2176287,1691.24382,11
145,742,10,10,9,422.9258631,1782.83511,11
146,749,11,8,8,464.3423317,1918.44702,11
147,750,7,6,6,398.2352759,1526.5215,11
148,750,6,9,6,238.9411656,852.012,11
149,756,7,9,9,320.9776324,1412.20989,11
150,760,4,8,9,271.5964582,1079.92521,11
151,769,4,10,9,311.4199858,1143.1161,11
152,774,6,9,11,313.8093974,1292.92821,11
153,779,8,10,11,406.1999815,1499.54112,11
154,780,4,8,7,318.5882208,1349.019,11
155,783,3,11,11,143.3646993,576.52812,11
156,789,10,9,11,543.1929164,1704.024,11
157,791,11,10,10,573.4587974,2001.51819,11
158,799,6,8,11,239.7376361,1340.49888,11
159,800,7,13,12,398.2352759,1562.022,11
160,808,8,10,11,309.0305741,1427.1201,11
161,814,3,9,11,80.44352574,655.33923,11
162,818,9,9,9,469.9176256,1719.64422,11
163,821,6,7,9,326.5529263,1512.3213,11
164,826,5,8,9,313.8093974,1286.53812,11
165,831,9,9,11,493.8117422,1938.3273,11
166,842,11,10,10,621.2470305,2257.8318,11
167,850,7,8,9,438.0588035,1641.54312,11
168,855,8,9,10,477.8823311,1633.023,11
169,860,4,8,10,326.5529263,1086.3153,11
170,865,8,7,10,425.3152747,1896.43671,11
171,871,9,9,9,424.5188042,2022.10848,11
172,874,6,15,9,378.3235121,1492.44102,11
173,880,8,9,10,456.3776262,2018.55843,11
174,888,5,17,8,277.9682226,1295.05824,11
175,894,7,9,8,392.6599821,1655.03331,11
176,900,9,6,10,557.5293863,2485.035,11
177,900,4,14,6,358.4117483,2130.03,11
178,900,9,9,11,428.5011569,1945.4274,11
179,907,8,9,11,382.3058649,1846.026,11
180,913,6,10,11,310.6235152,1491.021,11
181,920,11,11,11,477.8823311,2164.11048,11
182,928,5,9,12,312.2164563,1407.23982,11
183,937,7,10,12,406.1999815,1562.022,11
184,939,9,8,12,414.164687,1937.61729,11
185,946,4,12,9,238.9411656,1327.7187,11
186,950,10,11,10,493.0152716,2091.68946,11
187,955,9,8,9,469.1211551,1966.01769,11
188,963,8,15,10,460.359979,1867.3263,11
189,970,12,16,10,575.848209,2209.55112,11
190,978,6,9,12,366.3764539,1441.3203,11
191,983,5,11,12,270.7999876,1327.7187,11
192,990,8,9,11,378.3235121,1654.3233,11
193,1000,6,8,8,453.9882146,1846.026,11
194,1000,9,10,11,389.4740999,1753.7247,11
195,1024,13,20,9,645.141147,2769.039,11
196,1036,8,12,8,375.9341005,1739.5245,11
197,1045,5,13,10,286.7293987,1420.02,11
198,1058,14,18,11,639.5658532,2840.04,11
199,1068,16,15,8,692.9293801,2967.8418,11
200,1076,8,14,10,375.9341005,1880.81649,11
201,1088,6,9,10,328.1458674,1590.4224,11
202,1092,6,15,12,517.7058587,1846.026,11
203,1097,4,9,12,301.8623392,1278.018,11
204,1100,15,14,12,629.211736,2889.03069,11
205,1200,7,6,13,557.5293863,2130.03,11
1,150,2,3,4,52.9652917,223.146,12
2,156,3,4,4,60.53176194,223.146,12
3,160,3,4,5,56.74852682,306.82575,12
4,163,3,5,5,75.66470243,251.03925,12
5,168,3,4,5,60.53176194,351.45495,12
6,179,4,6,4,90.79764291,390.5055,12
7,184,4,4,5,83.23117267,362.61225,12
8,188,3,4,3,75.66470243,340.29765,12
9,193,4,4,3,90.79764291,446.292,12
10,199,3,4,4,68.09823219,373.76955,12
11,200,6,4,7,680.9823219,1115.73,12
12,200,4,4,4,45.39882146,502.0785,12
13,205,4,5,4,75.66470243,446.292,12
14,212,5,5,3,83.23117267,490.9212,12
15,220,4,5,3,66.58493814,479.7639,12
16,221,3,4,3,57.50517385,379.3482,12
17,229,4,5,3,67.34158516,417.840885,12
18,238,5,5,5,83.23117267,496.49985,12
19,241,5,5,4,88.52770184,490.9212,12
20,246,4,4,4,77.9346435,451.87065,12
21,249,3,5,4,74.15140838,423.9774,12
22,250,5,3,2,302.6588097,836.7975,12
23,250,5,4,5,136.1964644,502.0785,12
24,250,2,3,2,90.79764291,418.39875,12
25,250,4,6,4,98.36411316,446.292,12
26,252,5,4,4,107.4438774,457.4493,12
27,253,5,6,3,111.9837596,496.49985,12
28,255,4,5,5,83.23117267,468.048735,12
29,258,3,5,4,77.9346435,435.1347,12
30,261,4,6,5,85.50111374,490.363335,12
31,265,5,3,3,150.5727578,546.149835,12
32,269,3,4,4,82.47452565,435.1347,12
33,270,4,6,4,90.79764291,468.6066,12
34,273,5,4,4,121.0635239,513.2358,12
35,278,4,5,4,97.60746613,496.49985,12
36,282,5,5,4,130.1432882,529.97175,12
37,289,4,4,3,97.60746613,485.34255,12
38,295,5,6,4,83.23117267,524.3931,12
39,305,4,5,4,77.17799648,457.4493,12
40,308,5,6,4,105.9305834,502.0785,12
41,310,5,5,3,143.0062876,524.3931,12
42,314,6,5,4,242.1270478,557.865,12
43,319,5,5,3,96.09417208,502.0785,12
44,321,6,5,4,226.9941073,613.6515,12
45,328,4,6,3,75.66470243,446.292,12
46,332,6,7,5,211.8611668,557.865,12
47,339,5,4,4,90.79764291,524.3931,12
48,345,7,6,5,302.6588097,669.438,12
49,349,5,6,5,204.2946966,535.5504,12
50,350,7,3,6,378.3235121,781.011,12
51,354,3,4,4,113.4970536,446.292,12
52,355,5,5,4,166.4623453,613.6515,12
53,359,6,5,4,211.8611668,691.7526,12
54,367,4,6,4,226.9941073,585.75825,12
55,370,5,7,6,136.1964644,669.438,12
56,370,4,6,7,98.36411316,669.438,12
57,370,5,7,5,234.5605775,613.6515,12
58,375,7,7,10,302.6588097,1059.9435,12
59,375,7,6,6,302.6588097,948.3705,12
60,375,4,5,3,378.3235121,725.2245,12
61,375,3,5,5,378.3235121,669.438,12
62,375,6,7,5,264.8264585,725.2245,12
63,380,5,8,6,226.9941073,641.54475,12
64,386,5,7,6,230.0206954,669.438,12
65,389,4,7,6,189.1617561,613.6515,12
66,392,7,7,5,378.3235121,892.584,12
67,399,6,8,6,317.7917502,781.011,12
68,400,7,11,8,226.9941073,948.3705,12
69,400,7,6,6,378.3235121,892.584,12
70,400,7,6,6,378.3235121,948.3705,12
71,400,5,8,7,272.3929287,725.2245,12
72,410,4,10,8,113.4970536,725.2245,12
73,410,7,9,6,366.9738068,892.584,12
74,420,5,8,5,264.8264585,781.011,12
75,430,5,8,6,310.22528,836.7975,12
76,440,7,9,6,453.9882146,948.3705,12
77,446,7,7,6,416.1558634,976.26375,12
78,449,6,6,5,264.8264585,864.69075,12
79,450,4,7,6,128.6299941,725.2245,12
80,456,7,6,4,310.22528,1020.335085,12
81,460,6,8,6,264.8264585,781.011,12
82,467,7,8,6,272.3929287,970.6851,12
83,470,5,7,5,226.9941073,753.11775,12
84,476,7,8,5,310.22528,1059.9435,12
85,480,6,8,7,264.8264585,781.011,12
86,483,8,6,5,419.9390985,1090.626075,12
87,489,6,8,5,258.7732823,725.2245,12
88,492,7,7,5,317.0351032,972.358695,12
89,498,9,8,7,394.2130997,1171.5165,12
90,500,10,9,8,529.652917,1673.595,12
91,500,8,8,10,605.3176194,1227.303,12
92,500,5,10,7,151.3294049,892.584,12
93,503,5,8,6,226.9941073,836.7975,12
94,505,7,9,5,287.5258692,1004.157,12
95,507,7,9,7,324.6015734,1054.36485,12
96,512,8,8,6,302.6588097,1032.05025,12
97,518,6,8,6,264.8264585,803.3256,12
98,523,8,9,8,302.6588097,1115.73,12
99,532,6,8,7,219.427637,892.584,12
100,538,5,9,8,204.2946966,920.47725,12
101,540,6,12,7,453.9882146,1004.157,12
102,541,8,7,6,302.6588097,1036.51317,12
103,544,6,14,11,226.9941073,1059.9435,12
104,548,6,9,8,242.1270478,898.720515,12
105,559,7,6,8,287.5258692,992.9997,12
106,564,6,8,7,282.2293401,857.99637,12
107,570,8,7,8,317.7917502,976.26375,12
108,577,9,9,7,408.5893931,1218.37716,12
109,582,6,8,8,220.9409311,970.6851,12
110,588,4,9,7,158.8958751,792.1683,12
111,594,7,10,8,287.5258692,1076.67945,12
112,600,7,10,7,264.8264585,1171.5165,12
113,600,7,6,9,567.4852682,948.3705,12
114,600,5,5,7,363.1905717,1952.5275,12
115,600,5,6,8,189.1617561,1004.157,12
116,602,3,7,9,136.1964644,669.438,12
117,609,6,8,8,257.2599883,1015.3143,12
118,612,6,9,7,267.8530466,1003.599135,12
119,619,8,7,8,280.716046,1071.1008,12
120,624,5,10,7,226.2374603,937.2132,12
121,628,9,8,8,386.6466294,1171.5165,12
122,633,7,7,9,295.8489865,1010.293515,12
123,640,4,8,9,217.157696,793.28403,12
124,645,9,8,8,438.0986271,1283.0895,12
125,650,7,6,5,264.8264585,1210.56705,12
126,650,4,14,12,136.1964644,1004.157,12
127,650,10,9,8,435.072039,1322.14005,12
128,655,10,8,9,445.6650973,1278.068715,12
129,660,8,9,8,302.6588097,1110.709215,12
130,666,6,10,8,288.2825163,948.3705,12
131,670,5,8,11,643.1499706,1115.73,12
132,670,4,7,8,289.0391633,864.69075,12
133,677,9,9,7,379.8368062,1294.804665,12
134,680,3,10,8,181.5952858,635.9661,12
135,684,8,11,6,369.2437479,1122.42438,12
136,690,5,7,7,239.1004597,904.85703,12
137,700,5,9,5,416.1558634,1115.73,12
138,700,10,8,9,506.9535063,1338.876,12
139,709,3,8,9,226.9941073,613.6515,12
140,712,8,9,9,370.7570419,1132.46595,12
141,720,5,8,8,266.3397526,948.3705,12
142,723,9,9,9,349.5709252,1319.90859,12
143,730,8,10,9,330.6547496,1131.908085,12
144,737,9,11,9,382.1067473,1328.83443,12
145,742,10,10,9,401.7795699,1400.799015,12
146,749,11,8,8,441.1252152,1507.35123,12
147,750,7,6,6,378.3235121,1199.40975,12
148,750,6,9,6,226.9941073,669.438,12
149,756,7,9,9,304.9287508,1109.593485,12
150,760,4,8,9,258.0166353,848.512665,12
151,769,4,10,9,295.8489865,898.16265,12
152,774,6,9,11,298.1189276,1015.872165,12
153,779,8,10,11,385.8899824,1178.21088,12
154,780,4,8,7,302.6588097,1059.9435,12
155,783,3,11,11,136.1964644,452.98638,12
156,789,10,9,11,516.0332706,1338.876,12
157,791,11,10,10,544.7858575,1572.621435,12
158,799,6,8,11,227.7507543,1053.24912,12
159,800,7,13,12,378.3235121,1227.303,12
160,808,8,10,11,293.5790454,1121.30865,12
161,814,3,9,11,76.42134945,514.909395,12
162,818,9,9,9,446.4217443,1351.14903,12
163,821,6,7,9,310.22528,1188.25245,12
164,826,5,8,9,298.1189276,1010.85138,12
165,831,9,9,11,469.1211551,1522.97145,12
166,842,11,10,10,590.1846789,1774.0107,12
167,850,7,8,9,416.1558634,1289.78388,12
168,855,8,9,10,453.9882146,1283.0895,12
169,860,4,8,10,310.22528,853.53345,12
170,865,8,7,10,404.049511,1490.057415,12
171,871,9,9,9,403.2928639,1588.79952,12
172,874,6,15,9,359.4073365,1172.63223,12
173,880,8,9,10,433.5587449,1586.010195,12
174,888,5,17,8,264.0698115,1017.54576,12
175,894,7,9,8,373.026983,1300.383315,12
176,900,9,6,10,529.652917,1952.5275,12
177,900,4,14,6,340.4911609,1673.595,12
178,900,9,9,11,407.0760991,1528.5501,12
179,907,8,9,11,363.1905717,1450.449,12
180,913,6,10,11,295.0923395,1171.5165,12
181,920,11,11,11,453.9882146,1700.37252,12
182,928,5,9,12,296.6056335,1105.68843,12
183,937,7,10,12,385.8899824,1227.303,12
184,939,9,8,12,393.4564526,1522.413585,12
185,946,4,12,9,226.9941073,1043.20755,12
186,950,10,11,10,468.364508,1643.47029,12
187,955,9,8,9,445.6650973,1544.728185,12
188,963,8,15,10,437.34198,1467.18495,12
189,970,12,16,10,547.0557986,1736.07588,12
190,978,6,9,12,348.0576312,1132.46595,12
191,983,5,11,12,257.2599883,1043.20755,12
192,990,8,9,11,359.4073365,1299.82545,12
193,1000,6,8,8,431.2888038,1450.449,12
194,1000,9,10,11,370.0003949,1377.92655,12
195,1024,13,20,9,612.8840897,2175.6735,12
196,1036,8,12,8,357.1373955,1366.76925,12
197,1045,5,13,10,272.3929287,1115.73,12
198,1058,14,18,11,607.5875605,2231.46,12
199,1068,16,15,8,658.2829111,2331.8757,12
200,1076,8,14,10,357.1373955,1477.784385,12
201,1088,6,9,10,311.738574,1249.6176,12
202,1092,6,15,12,491.8205658,1450.449,12
203,1097,4,9,12,286.7692222,1004.157,12
204,1100,15,14,12,597.7511492,2269.952685,12
205,1200,7,6,13,529.652917,1673.595,12
